id,vol_name,no,date,time,ch,station,title
1,BD-RE-00144-001,"00001","2020/04/22 17:55:00","00:30:07","71","テレビ東京１","あひるの空 第28話「誓い」[字]"
2,BD-RE-00144-001,"00002","2020/04/29 17:55:00","00:30:07","71","テレビ東京１","あひるの空 第29話「キズナ」[字]"
3,BD-RE-00144-001,"00003","2020/05/06 17:55:00","00:30:07","71","テレビ東京１","あひるの空 第30話「存在意義」[字]"
4,BD-RE-00144-001,"00004","2020/05/13 17:55:00","00:30:07","71","テレビ東京１","あひるの空 第31話「守るべきもの」[字]"
5,BD-RE-00144-001,"00005","2020/04/21 02:30:00","00:55:08","81","フジテレビ","きみはペット＜Ｍナイト＞　＃１２[再]"
6,BD-RE-00144-001,"00006","2020/04/28 02:15:00","00:55:09","81","フジテレビ","きみはペット＜Ｍナイト＞　＃１３[再]"
7,BD-RE-00144-001,"00007","2020/05/05 02:15:00","00:55:09","81","フジテレビ","きみはペット＜Ｍナイト＞　＃１４[再]"
8,BD-RE-00144-001,"00008","2020/05/12 02:15:00","00:55:09","81","フジテレビ","きみはペット＜Ｍナイト＞　＃１５[再]"
9,BD-RE-00144-001,"00009","2020/04/24 00:55:00","00:30:08","81","フジテレビ","つり球＜ノイタミナ＞　＃０１[再][字]"
10,BD-RE-00144-001,"00010","2020/05/01 00:55:00","00:30:07","81","フジテレビ","つり球＜ノイタミナ＞　＃０２[再][字]"
11,BD-RE-00144-001,"00011","2020/05/15 00:55:00","00:30:07","81","フジテレビ","つり球＜ノイタミナ＞　＃０４[再][字]"
12,BD-RE-00144-001,"00012","2020/04/26 09:00:00","00:29:46","71","テレビ東京１","ひみつ×戦士 ファントミラージュ！ 第５５話[字][デ]"
13,BD-RE-00144-001,"00013","2020/05/03 09:00:00","00:29:52","71","テレビ東京１","ひみつ×戦士 ファントミラージュ！ 第５６話[字][デ]"
14,BD-RE-00144-001,"00014","2020/05/10 09:00:00","00:29:46","71","テレビ東京１","ひみつ×戦士 ファントミラージュ！ 第５７話[字][デ]"
15,BD-RE-00144-001,"00015","2020/05/17 09:00:00","00:29:49","71","テレビ東京１","ひみつ×戦士 ファントミラージュ！ 第５８話[字][デ]"
16,BD-RE-00144-001,"00016","2020/04/16 21:00:00","00:53:46","51","テレビ朝日","まもなく新シリーズ！「ＢＧ～身辺警護人～傑作選」　＃１[字]"
17,BD-RE-00144-001,"00017","2020/04/23 21:00:00","00:53:46","51","テレビ朝日","まもなく新シリーズ！「ＢＧ～身辺警護人～傑作選」　＃２[字]"
18,BD-RE-00144-001,"00018","2020/04/30 21:00:00","00:54:09","51","テレビ朝日","まもなく新シリーズ！「ＢＧ～身辺警護人～傑作選」　＃３[字]"
19,BD-RE-00144-001,"00019","2020/05/07 21:00:00","00:53:46","51","テレビ朝日","まもなく新シリーズ！「ＢＧ～身辺警護人～傑作選」　＃４[字]"
20,BD-RE-00144-001,"00020","2020/04/10 01:58:00","00:30:08","61","ＴＢＳ１","やはり俺の青春ラブコメはまちがっている。続　♯１[再][字]"
21,BD-RE-00144-001,"00021","2020/04/17 01:58:00","00:30:08","61","ＴＢＳ１","やはり俺の青春ラブコメはまちがっている。続　♯２[再][字]"
22,BD-RE-00144-001,"00022","2020/04/24 01:58:00","00:37:08","61","ＴＢＳ１","やはり俺の青春ラブコメはまちがっている。続　♯３[再][字]"
23,BD-RE-00144-001,"00023","2020/05/01 01:58:00","00:30:07","61","ＴＢＳ１","やはり俺の青春ラブコメはまちがっている。続　♯４[再][字]"
24,BD-RE-00144-001,"00024","2020/05/08 01:58:00","00:30:08","61","ＴＢＳ１","やはり俺の青春ラブコメはまちがっている。続　♯５[再][字]"
25,BD-RE-00144-001,"00025","2020/05/15 01:58:00","00:30:08","61","ＴＢＳ１","やはり俺の青春ラブコメはまちがっている。続　♯６[再][字]"
26,BD-RE-00144-001,"00026","2020/04/11 01:25:00","00:30:08","61","ＴＢＳ１","[新]アルゴナビスｆｒｏｍ　ＢａｎＧ　Ｄｒｅａｍ！＃１【スーパーアニメイズム】[字][デ]"
27,BD-RE-00144-001,"00027","2020/04/18 01:25:00","00:30:08","61","ＴＢＳ１","アルゴナビスｆｒｏｍ　ＢａｎＧ　Ｄｒｅａｍ！＃２【スーパーアニメイズム】[字][デ]"
28,BD-RE-00144-001,"00028","2020/04/25 01:25:00","00:30:07","61","ＴＢＳ１","アルゴナビスｆｒｏｍ　ＢａｎＧ　Ｄｒｅａｍ！＃３【スーパーアニメイズム】[字][デ]"
29,BD-RE-00144-001,"00029","2020/05/02 01:25:00","00:29:46","61","ＴＢＳ１","アルゴナビスｆｒｏｍ　ＢａｎＧ　Ｄｒｅａｍ！＃４【スーパーアニメイズム】[字][デ]"
30,BD-RE-00144-001,"00030","2020/05/09 01:25:00","00:30:08","61","ＴＢＳ１","アルゴナビスｆｒｏｍ　ＢａｎＧ　Ｄｒｅａｍ！＃５【スーパーアニメイズム】[字][デ]"
31,BD-RE-00144-001,"00031","2020/05/16 01:25:00","00:30:08","61","ＴＢＳ１","アルゴナビスｆｒｏｍ　ＢａｎＧ　Ｄｒｅａｍ！＃６【スーパーアニメイズム】[字][デ]"
32,BD-RE-00144-001,"00032","2020/04/26 01:30:00","00:30:08","51","テレビ朝日","イエスタデイをうたって＜ＮＵＭＡｎｉｍａｔｉｏｎ＞[字]"
33,BD-RE-00144-001,"00033","2020/05/17 01:30:00","00:30:08","51","テレビ朝日","イエスタデイをうたって＜ＮＵＭＡｎｉｍａｔｉｏｎ＞[字]"
34,BD-RE-00144-001,"00034","2020/04/25 09:00:00","00:29:46","71","テレビ東京１","ウルトラマン クロニクル ＺＥＲＯ＆ＧＥＥＤ「ゼロになる覚悟」[字]"
35,BD-RE-00144-001,"00035","2020/05/09 09:00:00","00:29:46","71","テレビ東京１","ウルトラマン クロニクル ＺＥＲＯ＆ＧＥＥＤ「使命をフィニッシュ」[字]"
36,BD-RE-00144-001,"00036","2020/05/02 09:00:00","00:29:46","71","テレビ東京１","ウルトラマン クロニクル ＺＥＲＯ＆ＧＥＥＤ「君の名は朝倉リク」[字]"
37,BD-RE-00144-001,"00037","2020/05/16 09:00:00","00:29:46","71","テレビ東京１","ウルトラマン クロニクル ＺＥＲＯ＆ＧＥＥＤ「運命を変えていけ！」[字]"
38,BD-RE-00144-001,"00038","2020/05/03 10:00:00","00:30:06","71","テレビ東京１","キラッとプリ☆チャン キラッとセレクション[字]"
39,BD-RE-00144-001,"00039","2020/05/10 10:00:00","00:30:07","71","テレビ東京１","キラッとプリ☆チャン キラッとセレクション[字]"
40,BD-RE-00144-001,"00040","2020/05/17 10:00:00","00:30:07","71","テレビ東京１","キラッとプリ☆チャン キラッとセレクション[字]"
41,BD-RE-00144-001,"00041","2020/04/26 10:00:00","00:30:07","71","テレビ東京１","キラッとプリ☆チャン「かがやけ！レインボープリンセスカップだッチュ！」[字][デ]"
42,BD-RE-00144-001,"00042","2020/04/19 10:00:00","00:30:07","71","テレビ東京１","キラッとプリ☆チャン「どこどこ？プリたまさがしにＧＯＧＯッチュ！」[字][デ]"
43,BD-RE-00134-001,"00001","2020/04/02 00:58:00","00:29:45","71","テレビ東京１","ＵＳＨＩＲＯＳＵＧＡＴＡ[字]"
44,BD-RE-00134-001,"00002","2020/05/15 23:00:00","00:58:07","71","テレビ東京１","ＷＢＳ▽東京アラートとは▽解除で街は…もう予約で満杯の場所▽大量解雇通告その後"
45,BD-RE-00134-001,"00003","2020/05/17 11:55:00","00:59:07","71","テレビ東京１","ＹＯＵは何しに日本へ？予習復習スペシャル【明日はネイマールにガチで密着】[字][解]"
46,BD-RE-00134-001,"00004","2020/05/16 23:15:00","00:50:06","51","テレビ朝日","あの人も再び！Ｍ　愛すべき人がいて　２＆３話リミックスバージョン[字]"
47,BD-RE-00134-001,"00005","2020/05/16 04:55:00","00:25:08","51","テレビ朝日","おかずのクッキング　素材のレシピ・明日葉／アクアパッツァ[字]"
48,BD-RE-00134-001,"00006","2020/05/16 18:30:00","00:25:46","51","テレビ朝日","ごはんジャパン　～ピザ＆パスタの巨匠が競演＆プロ技伝授～[字]"
49,BD-RE-00134-001,"00007","2020/05/17 06:00:00","00:45:09","61","ＴＢＳ１","じょんのび日本遺産[字]"
50,BD-RE-00134-001,"00008","2020/05/16 14:30:00","00:55:09","81","フジテレビ","でんじろうのＴＨＥ実験来週の金曜は伊沢拓司＆世界インテリ軍団ｖｓクイズバトル！[字]"
51,BD-RE-00134-001,"00009","2020/05/17 12:00:00","02:00:08","81","フジテレビ","なりゆき街道旅【今こそ見たい絶景２０連発！長谷寺アジサイ＆浄蓮の滝＆世界遺産】[字]"
52,BD-RE-00134-001,"00010","2020/05/17 06:30:00","00:29:45","81","フジテレビ","はやく起きた朝は・・・[字][解]"
53,BD-RE-00134-001,"00011","2020/03/26 00:58:00","00:32:09","61","ＴＢＳ１","ふるさとの夢[解]"
54,BD-RE-00134-001,"00012","2020/03/19 00:58:00","00:30:08","61","ＴＢＳ１","ふるさとの夢[解]今夜の舞台は千葉県八街市。"
55,BD-RE-00134-001,"00013","2020/04/30 00:58:00","00:30:09","61","ＴＢＳ１","ふるさとの未来[解]【今夜は特別編をお送りします】"
56,BD-RE-00134-001,"00014","2020/05/07 00:58:00","00:37:08","61","ＴＢＳ１","ふるさとの未来[解]【今夜は特別編をお送りします】"
57,BD-RE-00134-001,"00015","2020/04/02 00:58:00","00:32:08","61","ＴＢＳ１","ふるさとの未来[解]【群馬県桐生市発の中古住宅買取・販売No．1「カチタス」】"
58,BD-RE-00134-001,"00016","2020/04/25 09:25:00","01:04:46","41","日テレ１","ぶらり途中下車の旅[解][字]"
59,BD-RE-00134-001,"00017","2020/05/09 09:25:00","01:05:06","41","日テレ１","ぶらり途中下車の旅[解][字]"
60,BD-RE-00134-001,"00018","2020/05/16 09:25:00","01:04:45","41","日テレ１","ぶらり途中下車の旅[解][字]"
61,BD-RE-00134-001,"00019","2020/05/02 09:25:00","01:04:46","41","日テレ１","ぶらり途中下車の旅[解][字][デ]"
62,BD-RE-00134-001,"00020","2020/04/04 09:25:00","01:05:07","41","日テレ１","ぶらり途中下車の旅[解][字]大江戸線の旅▽美味三陸チョッピーノ▽珍品！カバンの博物館"
63,BD-RE-00134-001,"00021","2020/04/18 09:25:00","01:05:06","41","日テレ１","ぶらり途中下車の旅[解][字]高崎線の旅▽高崎ダルマのパスタ？▽珍味！深谷ネギだんご"
64,BD-RE-00134-001,"00022","2020/05/15 23:00:00","00:30:07","41","日テレ１","アナザースカイⅡアメリカ応援SP！高畑充希LA田中みな実NY風間ディズニー[字]"
65,BD-RE-00134-001,"00023","2020/05/01 23:00:00","00:30:06","41","日テレ１","アナザースカイⅡ[字]山口智充の奄美大島！母の故郷＆ぐっさんのエンタメの原点へ"
66,BD-RE-00134-001,"00024","2020/04/24 23:00:00","00:29:46","41","日テレ１","アナザースカイⅡ[字]放送作家・脚本家の小山薫堂が京都の学びを案内。発想の源とは？"
67,BD-RE-00134-001,"00025","2020/05/08 23:00:00","00:30:06","41","日テレ１","アナザースカイⅡ[字]頑張ろう日本！タカトシ札幌愛！今田美桜の福岡＆今田耕司の京都"
68,BD-RE-00134-001,"00026","2020/03/24 00:20:00","01:00:07","51","テレビ朝日","アベマの時間　いきなりマリッジ　「ハイスペ夫婦編」地上波ＳＰ"
69,BD-RE-00134-001,"00027","2020/05/03 19:58:00","00:55:46","41","日テレ１","イッテＱ！イモト×安室奈美恵…涙の初対面再び！人生最大ドッキリ完全公開SP[字][デ]"
70,BD-RE-00134-001,"00028","2020/04/25 08:00:00","01:24:45","41","日テレ１","ウェークアップ！ぷらす アビガンは効くのか…投与医師が語った効果の実感[字]"
71,BD-RE-30001-001,"00001","2020/05/06 21:00:00","00:59:46","71","テレビ東京１","家、ついて行ってイイですか？～北欧のポツンとハウス＆レシピ公開！名店オムライス[字]"
72,BD-RE-30001-001,"00002","2020/05/06 21:54:00","00:06:06","41","日テレ１","心に刻む風景[字]"
73,BD-RE-30001-001,"00003","2020/05/06 23:10:00","00:05:07","51","テレビ朝日","ラリージャパン応援宣言[字]"
74,BD-RE-30001-001,"00004","2020/05/06 23:15:00","01:00:07","51","テレビ朝日","家事ヤロウ！！！ 芸能人の自宅にカメラを設置！リアル家事２４時[字]"
75,BD-RE-30001-001,"00005","2020/05/06 23:24:00","00:06:07","71","テレビ東京１","チェンジ・ザ・ワールド「電力を効率的に使う方法」[字]"
76,BD-RE-30001-001,"00006","2020/05/06 23:56:00","00:58:46","61","ＴＢＳ１","カンナさーん！一挙放送ＳＰ　第８話【仕事も母としてもクビ！？】[字]"
77,BD-RE-30001-001,"00007","2020/05/07 00:45:00","00:05:07","51","テレビ朝日","フィンク１分フィット[字]"
78,BD-RE-30001-001,"00008","2020/05/07 00:55:00","00:02:46","61","ＴＢＳ１","ビジネス・クリック"
79,BD-RE-30001-001,"00009","2020/05/07 01:20:00","00:06:07","51","テレビ朝日","全力坂"
80,BD-RE-30001-001,"00010","2020/05/07 07:35:00","00:25:07","71","テレビ東京１","シナぷしゅ[字][解]"
81,BD-RE-30001-001,"00011","2020/05/07 08:00:00","00:15:07","71","テレビ東京１","ハーフタイムツアーズ[字]"
82,BD-RE-30001-001,"00012","2020/05/07 13:49:00","01:54:08","51","テレビ朝日","ドクター彦次郎１[字][再]"
83,BD-RE-30001-001,"00013","2020/05/07 17:10:00","00:20:08","71","テレビ東京１","虎ノ門市場 日本全国の食文化をお伝えします！[字]"
84,BD-RE-30001-001,"00014","2020/05/07 17:55:00","00:30:06","71","テレビ東京１","プリスクタイム（エッグカー／ＧＯ！ＧＯ！アトム）[字]"
85,BD-RE-30001-001,"00015","2020/05/07 19:00:00","00:59:46","51","テレビ朝日","日本人の３割しか知らないこと　くりぃむしちゅーのハナタカ！優越館[字]"
86,BD-RE-30001-001,"00016","2020/05/07 19:53:00","00:05:07","71","テレビ東京１","テレビ野郎ナナーナ 怪物クラーケンを追え！ 第４話～極楽！クジラでととのう～[字]"
87,BD-RE-30001-001,"00017","2020/05/07 19:57:00","01:02:46","81","フジテレビ","奇跡体験！アンビリバボー【下町の崖っぷち工場に起きた奇跡】[字]"
88,BD-RE-30001-001,"00018","2020/05/07 20:00:00","00:53:46","51","テレビ朝日","警視庁・捜査一課長　２０２０　＃５[解][字]"
89,BD-RE-30001-001,"00019","2020/05/07 20:00:00","01:57:08","61","ＴＢＳ１","ニンゲン観察！モニタリング★３時のヒロイン激変＆超豪華俳優ＳＰ[字]"
90,BD-RE-30001-001,"00020","2020/05/07 20:54:00","00:06:07","51","テレビ朝日","世界の街道をゆく[字]"
91,BD-RE-30001-001,"00021","2020/05/07 21:54:00","00:06:07","71","テレビ東京１","アイデアの方程式[字]"
92,BD-RE-30001-001,"00022","2020/05/07 22:00:00","00:53:46","71","テレビ東京１","カンブリア宮殿▽特別総集編 世界最強創業者スペシャル 大ピンチに生き残る経営！[字]"
93,BD-RE-30001-001,"00023","2020/05/07 22:54:00","00:05:46","71","テレビ東京１","探究の階段[字]"
94,BD-RE-30001-001,"00024","2020/05/07 22:54:00","00:06:07","81","フジテレビ","空旅をあなたへ－ＰＲＥＭＩＵＭ　ＳＫＹ－[字]"
95,BD-RE-30001-001,"00025","2020/05/07 23:56:00","00:59:08","61","ＴＢＳ１","カンナさーん！一挙放送ＳＰ　第９話【夫の再プロポーズ！＆突然のド貧乏転落？】[字]"
96,BD-RE-30001-001,"00026","2020/05/08 01:00:00","00:30:07","71","テレビ東京１","木ドラ２５ 新米姉妹のふたりごはん[再] ４品目 ラクレットチーズ"
97,BD-RE-30001-001,"00027","2020/05/08 01:20:00","00:06:08","51","テレビ朝日","全力坂"
98,BD-RE-30001-001,"00028","2020/05/08 05:45:00","01:20:07","71","テレビ東京１","モーサテ【投資信託のコストについて解説】"
99,BD-RE-30001-001,"00029","2020/05/08 07:35:00","00:25:07","71","テレビ東京１","シナぷしゅ[字][解]"
100,BD-RE-30001-001,"00030","2020/05/08 08:00:00","00:15:07","71","テレビ東京１","ハーフタイムツアーズ[字]"
101,BD-RE-30001-001,"00031","2020/05/08 17:10:00","00:20:08","71","テレビ東京１","虎ノ門市場 日本全国の食文化をお伝えします！[字]"
102,BD-RE-30001-001,"00032","2020/05/08 17:55:00","00:30:07","71","テレビ東京１","ゾイドワイルド ＺＥＲＯ「ネオゼネバスシティの戦い」[字]"
103,BD-RE-30001-001,"00033","2020/05/08 18:25:00","00:30:07","71","テレビ東京１","妖怪ウォッチＪａｍ 妖怪学園Ｙ～Ｎとの遭遇～「第１８話」[字][デ]"
104,BD-RE-30001-001,"00034","2020/05/08 18:55:00","01:00:46","71","テレビ東京１","デカ盛りハンター[字]"
105,BD-RE-30001-001,"00035","2020/05/08 19:00:00","01:53:44","41","日テレ１","沸騰ワード【中村倫也も衝撃…自衛隊の超精鋭部隊にカズ潜入＆浅田真央の夢が実現】[字]"
106,BD-RE-30001-001,"00036","2020/05/08 19:56:00","00:03:50","71","テレビ東京１","インテリア日和[字]"
107,BD-R-30002-001,"00001","2020/05/08 20:00:00","00:54:08","51","テレビ朝日","マツコ＆有吉　かりそめ天国【若者のお悩みトーク＆リモート飯尾１】[字]"
108,BD-R-30002-001,"00002","2020/05/08 20:54:00","00:05:46","51","テレビ朝日","世界の街道をゆく[字]"
109,BD-R-30002-001,"00003","2020/05/08 20:54:00","00:59:46","71","テレビ東京１","所さんのそこんトコロ【遠距離通勤＆驚きの仕事人たちの収入！】[字]"
110,BD-R-30002-001,"00004","2020/05/08 21:00:00","00:54:08","51","テレビ朝日","ミュージックステーション　RADWIMPS生歌唱▽ジャニーズ新企画▽Ｓフライ＆小沢健二[字]"
111,BD-R-30002-001,"00005","2020/05/08 22:54:00","00:05:46","71","テレビ東京１","未来レンズ[再][字]"
112,BD-R-30002-001,"00006","2020/05/08 22:54:00","00:06:08","61","ＴＢＳ１","スマイルすきっぷ～明日の元気をフルチャージ！～[解][字]"
113,BD-R-30002-001,"00007","2020/05/08 23:10:00","00:04:46","51","テレビ朝日","気づきの扉[解][字]"
114,BD-R-30002-001,"00008","2020/05/09 00:12:00","00:40:07","71","テレビ東京１","ドラマ24「浦安鉄筋家族」5発目 負けたらハリセン！？世紀の東西バトル！[字]"
115,BD-R-30002-001,"00009","2020/05/09 00:20:00","01:00:09","61","ＴＢＳ１","カンナさーん！一挙放送ＳＰ　最終話【涙のプロポーズにアノ年上イケメン登場】[字]"
116,BD-R-30002-001,"00010","2020/05/09 00:52:00","00:31:06","71","テレビ東京１","ドラマ２５ 捨ててよ、安達さん。 第４話[字]"
117,BD-R-30002-001,"00011","2020/05/09 05:22:58","00:27:03","51","テレビ朝日","日本のチカラ[手][字]"
118,BD-R-30002-001,"00012","2020/05/09 07:30:00","00:30:07","71","テレビ東京１","遊戯王ＳＥＶＥＮＳ（セブンス）[再]「いくぞ！ラッシュデュエル！」[字]"
119,BD-R-30002-001,"00013","2020/05/09 07:30:00","00:30:10","61","ＴＢＳ１","サワコの朝【ステイホーム特別編★心の中で煌めく名曲と珠玉の豪華トークＳＰ】[解][字]"
120,BD-R-30002-001,"00014","2020/05/09 08:00:00","00:30:07","71","テレビ東京１","ヴァンガード ベストセレクション 第４８話 「孤独なファイト」[字]"
121,BD-R-30002-001,"00015","2020/05/09 09:25:00","00:04:50","61","ＴＢＳ１","暮らしのレシピ　小林豊さん「特製中華がゆ」イケてる料理男子特集[解][字]"
122,BD-R-30002-001,"00016","2020/05/09 09:30:00","00:29:46","71","テレビ東京１","パズドラ[再]「トラゴンはつらいよ」[字]"
123,BD-R-30002-001,"00017","2020/05/09 09:30:00","00:24:46","51","テレビ朝日","食彩の王国[字]"
124,BD-R-30002-001,"00018","2020/05/09 10:00:00","00:30:09","51","テレビ朝日","題名のない音楽会[字]"
125,BD-R-30002-001,"00019","2020/05/09 11:30:00","02:00:07","71","テレビ東京１","日本→米国20000ｋｍ“自動車輸送船に乗せてもらいました”[再][字]"
126,BD-R-30002-001,"00020","2020/05/09 11:40:00","00:05:07","51","テレビ朝日","日本全国　ごちそう散歩[字]"
127,BD-R-30002-001,"00021","2020/05/09 15:00:00","01:54:46","41","日テレ１","今日から俺はの原点「スーパーサラリーマン左江内氏」特別編[字]"
128,BD-R-30002-001,"00022","2020/05/09 16:00:00","00:55:06","71","テレビ東京１","年代で摂るべきアブラは違う！？知っておきたいアブラの新常識[字]"
129,BD-R-30002-001,"00023","2020/05/09 16:00:00","00:29:46","51","テレビ朝日","裸の少年　～見破れうそつき３～[字]"
130,BD-R-30002-001,"00024","2020/05/09 16:30:00","00:29:46","51","テレビ朝日","クレヨンしんちゃん　【オラのともだちはサイコーだゾスペシャル】[デ][字]"
131,BD-R-30002-001,"00025","2020/05/09 16:55:00","00:20:07","71","テレビ東京１","「どうぶつピース！！」オススメ がっつきグルメ＆どうぶつジャーナルSP[字]"
132,BD-R-30002-001,"00026","2020/05/09 17:00:00","00:29:46","51","テレビ朝日","ドラえもん　【こころにささるおもいヤリ】【スケジュールどけい】[デ][字]"
133,BD-R-30002-001,"00027","2020/05/09 17:00:00","00:30:07","61","ＴＢＳ１","バース・デイ[字]　愛する子供のため…ママさんアスリートたちの戦い。家族の絆の物語"
134,BD-R-30002-001,"00028","2020/05/09 18:00:00","00:29:46","71","テレビ東京１","知られざるガリバー～エクセレントカンパニーファイル～[字]"
135,BD-R-30002-001,"00029","2020/05/09 18:00:00","00:29:49","51","テレビ朝日","人生の楽園　夢を叶えるふれあい牧場～宮崎県／家族でもてなす笑顔のお店～山形県[字]"
136,BD-R-30002-001,"00030","2020/05/09 18:00:00","00:30:06","41","日テレ１","名探偵コナン「１ミリも許さない（前編）」[解][字][デ]"
137,BD-R-30002-001,"00031","2020/05/09 18:30:00","00:30:07","41","日テレ１","満天☆青空レストラン[字]【極上ケチャップでナポリタン！！絶品「お取り寄せ」続々】"
138,BD-R-30002-001,"00032","2020/05/09 19:00:00","02:00:11","81","フジテレビ","超ド級！世界のありえない映像【衝撃・驚愕・ほっこり・感動・爆笑・かわいい】[字]"
139,BD-R-30002-001,"00033","2020/05/09 19:56:00","00:57:46","41","日テレ１","世界一受けたい授業[字]300万部「大河の一滴」作家・五木寛之さんが緊急出演！"
140,BD-R-30002-001,"00034","2020/05/09 20:54:00","00:06:08","41","日テレ１","ワーズハウスへようこそ[字]"
141,BD-R-30002-001,"00035","2020/05/09 21:54:00","00:05:46","41","日テレ１","ココロ通う街角[字]"
142,BD-R-30002-001,"00036","2020/05/09 21:54:00","00:05:49","71","テレビ東京１","土曜名馬座 ▽仲村トオル[字]"
143,BD-R-30003-001,"00001","2020/05/09 22:00:00","00:30:07","71","テレビ東京１","新美の巨人たち 永遠の傑作！いわさきちひろ『あめのひのおるすばん』×奥貫薫[字]"
144,BD-R-30003-001,"00002","2020/05/09 23:15:00","00:50:07","51","テレビ朝日","話題沸騰！Ｍ　愛すべき人がいて　一話リミックスバージョン[多][字]"
145,BD-R-30003-001,"00003","2020/05/09 23:18:00","00:06:09","61","ＴＢＳ１","和心百景～北国の木工品　『大館曲げわっぱ／樺細工』～笛木優子／葉加瀬太郎　[解][字]"
146,BD-R-30003-001,"00004","2020/05/10 03:00:00","01:00:08","51","テレビ朝日","都市伝説の女１　＃８[再]"
147,BD-R-30003-001,"00005","2020/05/10 03:15:00","01:45:08","71","テレビ東京１","サタ☆シネ「ストリートファイター ザ・レジェンド・オブ・チュンリー」春麗見参[映][二]"
148,BD-R-30003-001,"00006","2020/05/10 06:34:48","00:24:54","41","日テレ１","遠くへ行きたい特別編「もう一度行きたい！東京－下関のんびり列車の旅ＳＰ」[解][字]"
149,BD-R-30003-001,"00007","2020/05/10 07:00:00","00:29:46","81","フジテレビ","ボクらの時代[字]"
150,BD-R-30003-001,"00008","2020/05/10 07:00:00","00:30:07","71","テレビ東京１","パウ・パトロール[字][二]"
151,BD-R-30003-001,"00009","2020/05/10 07:00:00","00:30:09","41","日テレ１","所さんの目がテン！[字]地球規模の超壮大な実験ＳＰ！"
152,BD-R-30003-001,"00010","2020/05/10 07:30:00","00:30:07","71","テレビ東京１","ディズニー・サンデー ラプンツェル ザ・シリーズ[字]"
153,BD-R-30003-001,"00011","2020/05/10 08:30:00","00:29:46","71","テレビ東京１","デュエル・マスターズキング[再]「鬼キング登場！？キング・オブ・デュエマッチ開幕！」[字]"
154,BD-R-30003-001,"00012","2020/05/10 08:30:00","00:29:49","51","テレビ朝日","ヒーリングっどプリキュア　おさらいセレクション　第３話　キュアフォンテーヌ[デ][字]"
155,BD-R-30003-001,"00013","2020/05/10 08:55:00","00:04:53","81","フジテレビ","千葉の贈り物～まごころ配達人～[字][解]"
156,BD-R-30003-001,"00014","2020/05/10 09:00:00","00:29:49","51","テレビ朝日","仮面ライダーゼロワン[デ][字]"
157,BD-R-30003-001,"00015","2020/05/10 09:00:00","00:29:52","81","フジテレビ","ゲゲゲの鬼太郎【スペシャルセレクション！／厄運のすねこすり】　＃０３[再][字][解]"
158,BD-R-30003-001,"00016","2020/05/10 09:30:00","00:29:46","71","テレビ東京１","トミカ絆合体 アースグランナー「挟み撃ち！地下と空から追いつめろ！」[字]"
159,BD-R-30003-001,"00017","2020/05/10 09:30:00","00:30:07","51","テレビ朝日","魔進戦隊キラメイジャー[デ][字]"
160,BD-R-30003-001,"00018","2020/05/10 09:30:00","00:30:10","81","フジテレビ","ワンピース【必ず来るワノ国のエース伝説！】[再][字][解][デ]"
161,BD-R-30003-001,"00019","2020/05/10 10:30:00","00:30:07","71","テレビ東京１","ミュークルドリーミー[再][字]"
162,BD-R-30003-001,"00020","2020/05/10 11:25:00","00:30:07","71","テレビ東京１","男子ごはん BBQ料理をおうちで楽しもう！[字][デ]"
163,BD-R-30003-001,"00021","2020/05/10 12:45:00","00:30:07","41","日テレ１","第７キングダム ハナコ史上最大の試練！ボーリングパーフェクトに挑戦…衝撃結末[字]"
164,BD-R-30003-001,"00022","2020/05/10 14:00:00","02:00:07","71","テレビ東京１","日曜ミステリー『信濃のコロンボ 事件ファイル18 越天楽がきこえる』[再][字][解]"
165,BD-R-30003-001,"00023","2020/05/10 17:00:00","00:30:08","61","ＴＢＳ１","所さんお届けモノです！【遊びの天才！所さんもはまった★ゲーム＆(秘)グッズＳＰ】[解][字]"
166,BD-R-30003-001,"00024","2020/05/10 17:15:00","00:05:07","71","テレビ東京１","モノイズム[字]"
167,BD-R-30003-001,"00025","2020/05/10 18:00:00","00:29:46","61","ＴＢＳ１","世界遺産「奇岩の絶景！ベトナム・ハロン湾」[解][字]"
168,BD-R-30003-001,"00026","2020/05/10 18:00:00","00:30:09","51","テレビ朝日","相葉マナブ　『お店の道具で作ってみよう！宇都宮餃子の名店』究極の皮とは[字]"
169,BD-R-30003-001,"00027","2020/05/10 18:00:00","00:30:06","71","テレビ東京１","ポケットモンスター[再][字]"
170,BD-R-30003-001,"00028","2020/05/10 18:30:00","01:28:08","51","テレビ朝日","ナニコレ珍百景　川の中の道＆鶏肉と卵４年間食用禁止の風習＆白くなった黒い犬ＳＰ[字]"
171,BD-R-30003-001,"00029","2020/05/10 19:58:00","00:58:08","51","テレビ朝日","ポツンと一軒家　地元住人が憧れる女性[字]"
172,BD-R-30003-001,"00030","2020/05/10 20:56:00","00:04:07","51","テレビ朝日","食ノ音色[字]"
173,BD-R-30003-001,"00031","2020/05/10 21:54:00","00:06:08","61","ＴＢＳ１","私の翼たち[解][字]"
174,BD-R-30003-001,"00032","2020/05/10 22:54:00","00:05:46","61","ＴＢＳ１","まちづくり　夢づくり[解][字]"
175,BD-R-30003-001,"00033","2020/05/10 23:00:00","00:30:08","61","ＴＢＳ１","情熱大陸【塩田達雄／より早く、簡単に…新型コロナ『迅速診断キット』開発に挑む】[字]"
176,BD-R-30003-001,"00034","2020/05/11 05:48:18","01:16:43","71","テレビ東京１","モーサテ【日経ベテラン記者に聞く米大統領選の行方】"
177,BD-R-30003-001,"00035","2020/05/11 07:35:00","00:25:07","71","テレビ東京１","シナぷしゅ[字][解]"
178,BD-R-30003-001,"00036","2020/05/11 08:00:00","00:15:07","71","テレビ東京１","ハーフタイムツアーズ[字]"
179,BD-R-30003-001,"00037","2020/05/11 13:35:00","02:05:07","71","テレビ東京１","午後エンタ 行列の女神～らーめん才遊記～ 予習復習スペシャル≪＃２・＃３≫[字]"
180,BD-R-30003-001,"00038","2020/05/11 13:49:00","01:54:08","51","テレビ朝日","ドクター彦次郎２[解][字][再]"
181,BD-R-30003-001,"00039","2020/05/11 17:10:00","00:20:07","71","テレビ東京１","虎ノ門市場 日本全国の食文化をお伝えします！[字]"
182,BD-R-30004-001,"00001","2020/05/11 17:55:00","00:30:07","71","テレビ東京１","ファンファンキティ！[字]"
183,BD-R-30004-001,"00002","2020/05/11 19:00:00","01:59:46","41","日テレ１","有吉ゼミSP▼ジェシーも驚いた棟梁ヒロミ匠の技「八王子リホーム」ベスト３大公開[字]"
184,BD-R-30004-001,"00003","2020/05/11 20:00:00","01:47:46","71","テレビ東京１","月曜プレミア８ 再雇用警察官 高橋英樹主演・新作ミステリー[字][解]"
185,BD-R-30004-001,"00004","2020/05/11 21:00:00","00:53:46","81","フジテレビ","鍵のかかった部屋　特別編【嵐・大野智主演！家族で楽しめる密室パズルミステリー】[字]"
186,BD-R-30004-001,"00005","2020/05/11 21:00:00","00:53:49","41","日テレ１","深イイ話[字] 実録！独身女性芸能人リアルな今…自粛生活に完全リモート密着SP"
187,BD-R-30004-001,"00006","2020/05/11 21:48:00","00:06:08","51","テレビ朝日","世界の街道をゆく[字]"
188,BD-R-30004-001,"00007","2020/05/11 21:54:00","00:05:46","71","テレビ東京１","東京ＧＯＯＤ！【かつての桑の都“ 八王子 ”とシルクロード 】[字]"
189,BD-R-30004-001,"00008","2020/05/11 21:54:00","00:05:49","81","フジテレビ","四季彩キッチン[字]"
190,BD-R-30004-001,"00009","2020/05/11 22:00:00","00:53:46","71","テレビ東京１","行列の女神～らーめん才遊記～ 第４話（主演：鈴木京香×ラーメン！）[字]"
191,BD-R-30004-001,"00010","2020/05/11 22:00:00","00:54:08","81","フジテレビ","所ＪＡＰＡＮ【磯田先生コロナに物申す▽明智光秀はどこ生まれ？今年発見(秘)古文書】[字]"
192,BD-R-30004-001,"00011","2020/05/11 22:54:00","00:06:10","71","テレビ東京１","夢遺産[字]"
193,BD-R-30004-001,"00012","2020/05/11 23:10:00","00:05:08","51","テレビ朝日","世界の車窓から[字]"
194,BD-R-30004-001,"00013","2020/05/12 00:45:00","00:05:08","51","テレビ朝日","フィンク１分フィット[字]"
195,BD-R-30004-001,"00014","2020/05/12 00:55:00","00:30:08","81","フジテレビ","地獄のガールフレンド＜ブレイクマンデー２４＞　＃０６"
196,BD-R-30004-001,"00015","2020/05/12 00:59:00","00:30:07","41","日テレ１","正しいロックバンドの作り方＃04"
197,BD-R-30004-001,"00016","2020/05/12 01:20:00","00:06:08","51","テレビ朝日","全力坂"
198,BD-R-30004-001,"00017","2020/05/12 01:30:00","00:30:07","71","テレビ東京１","フルーツバスケット ２ｎｄ ｓｅａｓｏｎ「馬鹿かい？君は」"
199,BD-R-30004-001,"00018","2020/05/12 05:48:08","01:16:53","71","テレビ東京１","モーサテ【ロシア経済の不安要因は／コロナで食料価格に異変】"
200,BD-R-30004-001,"00019","2020/05/12 07:35:00","00:25:07","71","テレビ東京１","シナぷしゅ[字][解]"
201,BD-R-30004-001,"00020","2020/05/12 08:00:00","00:15:07","71","テレビ東京１","ハーフタイムツアーズ[字]"
202,BD-R-30004-001,"00021","2020/05/12 13:49:00","01:54:07","51","テレビ朝日","家裁調査官・山ノ坊晃２～紛争解決１００％の男！[解][字][再]"
203,BD-R-30004-001,"00022","2020/05/12 17:10:00","00:20:07","71","テレビ東京１","虎ノ門市場 日本全国の食文化をお伝えします！[字]"
204,BD-R-30004-001,"00023","2020/05/12 17:55:00","00:30:07","71","テレビ東京１","シャドウバース[字][デ]"
205,BD-R-30004-001,"00024","2020/05/12 18:25:00","00:30:07","71","テレビ東京１","ブラッククローバー[再] ＃２「少年の誓い」[字]"
206,BD-R-30004-001,"00025","2020/05/12 18:55:00","01:59:08","71","テレビ東京１","内村のツボる動画[字]"
207,BD-R-30004-001,"00026","2020/05/12 19:00:00","00:56:07","41","日テレ１","火曜サプライズ[字]一茂ご満悦！良純の地元逗子で石原家行きつけ巡り！トルコから平愛梨"
208,BD-R-30004-001,"00027","2020/05/12 20:54:00","00:05:46","51","テレビ朝日","世界の街道をゆく[字]"
209,BD-R-30004-001,"00028","2020/05/12 20:57:00","01:02:46","61","ＴＢＳ１","マツコの知らない世界[字]【空気が変わる！？換気扇＆室外機＆エスカレーターの世界！】"
210,BD-R-30004-001,"00029","2020/05/12 21:54:00","00:06:07","71","テレビ東京１","東京交差点【江戸手描提灯】[字]"
211,BD-R-30004-001,"00030","2020/05/12 22:00:00","00:56:46","61","ＴＢＳ１","恋はつづくよどこまでも胸キュン！完結編～最終話[字]"
212,BD-R-30004-001,"00031","2020/05/12 22:00:00","00:53:46","71","テレビ東京１","ガイアの夜明け【ワークマンを追え！ライバル続々…知られざるアパレル戦争】[字]"
213,BD-R-30004-001,"00032","2020/05/12 22:54:00","00:05:46","71","テレビ東京１","風景の足跡[字]"
214,BD-R-30004-001,"00033","2020/05/12 22:54:00","00:05:49","81","フジテレビ","猫のエンタメ缶[字]"
215,BD-R-30004-001,"00034","2020/05/12 22:57:00","00:03:09","61","ＴＢＳ１","サステナブる[解][字]"
216,BD-R-30004-001,"00035","2020/05/12 23:00:00","00:30:08","81","フジテレビ","セブンルール【特別編！家の中での夫婦や子どもとのルール＆スタジオ未公開トーク】[字]"
217,BD-R-30004-001,"00036","2020/05/12 23:10:00","00:05:08","51","テレビ朝日","世界の車窓から[字]"
218,BD-R-30004-001,"00037","2020/05/12 23:56:00","00:59:08","61","ＴＢＳ１","テセウスの船ネタバレＳＰ　第二話【真犯人、あらわる】[字]"
219,BD-R-30004-001,"00038","2020/05/13 00:45:00","00:05:07","51","テレビ朝日","フィンク１分フィット[字]"
220,BD-R-30004-001,"00039","2020/05/13 01:20:00","00:06:07","51","テレビ朝日","全力坂"
221,BD-R-30004-001,"00040","2020/05/13 01:25:00","00:29:46","81","フジテレビ","パパ活＜Ｔナイト＞　＃０６[再]"
222,BD-R-30004-001,"00041","2020/05/13 01:28:00","00:30:08","61","ＴＢＳ１","映像研には手を出すな！第陸話【齋藤飛鳥×山下美月×梅澤美波★ドラマイズム】[終][解][字]"
223,BD-R-30004-001,"00042","2020/05/13 01:29:00","00:30:06","41","日テレ１","ＨＵＮＴＥＲ×ＨＵＮＴＥＲ ＃６４ ＡｎｉｃｈＵ [再]"
224,BD-R-30005-001,"00001","2020/02/27 23:59:00","00:55:07","41","日テレ１","ランチ合コン探偵～恋とグルメと謎解きと～＃８…解きたくない私の謎[字][デ]"
225,BD-R-30005-001,"00002","2020/02/28 01:58:00","00:30:08","61","ＴＢＳ１","地縛少年花子くん　♯８[字]"
226,BD-R-30005-001,"00003","2020/02/28 12:40:00","00:55:07","71","テレビ東京１","ランチセレクション 駐在刑事２・復習ＳＰ ＃５／復讐と涙のオムライス！？[字]"
227,BD-R-30005-001,"00004","2020/02/29 01:55:00","00:30:08","61","ＴＢＳ１","歌舞伎町シャーロック　＃２０「モリアーティ、享受」【アニメイズム】"
228,BD-R-30005-001,"00005","2020/02/29 02:25:00","00:30:08","61","ＴＢＳ１","ランウェイで笑って　♯８「デザイナーの器」【アニメイズム】[字]"
229,BD-R-30005-001,"00006","2020/02/29 13:00:00","01:59:08","51","テレビ朝日","再捜査刑事・片岡悠介１０[解][字][再]"
230,BD-R-30005-001,"00007","2020/03/02 12:40:00","00:55:08","71","テレビ東京１","ランチセレクション ドラマＢｉｚ病院の治しかたドクター有原の挑戦 ＃５予習復習[字]"
231,BD-R-30005-001,"00008","2020/03/03 00:55:00","00:30:09","81","フジテレビ","[終]ブスの瞳に恋してる２０１９～Ｔｈｅ　Ｖｏｉｃｅ～＜ブレイクマンデー２…　＃０８"
232,BD-R-30005-001,"00009","2020/03/04 02:34:00","00:55:08","41","日テレ１","フラッシュ＜サード・シーズン＞「８年後」＃19[二]"
233,BD-R-30005-001,"00010","2020/03/06 16:00:00","01:10:10","258","ディーライフ","【ディズニー】ちいさなプリンセス ソフィア／プリンセスのこころ[二]"
234,BD-R-30005-001,"00011","2020/03/12 02:05:00","02:10:08","61","ＴＢＳ１","地上波初放送！映画「コーヒーが冷めないうちに」"
235,BD-R-30005-001,"00012","2020/03/14 15:55:00","00:05:08","51","テレビ朝日","世界が愛した絵本[字]"
236,BD-R-30005-001,"00013","2020/03/14 17:30:00","00:29:49","41","日テレ１","僕のヒーローアカデミア「開催文化祭！」[字][デ]"
237,BD-R-30005-001,"00014","2020/03/14 18:00:00","00:29:49","51","テレビ朝日","人生の楽園　笑顔満開 ばあちゃんピザ～千葉・山武市[字]"
238,BD-R-30005-001,"00015","2020/03/14 18:00:00","00:29:52","41","日テレ１","名探偵コナン「標的は警視庁交通部（二）」[字][デ]"
239,BD-R-30005-001,"00016","2020/03/14 19:56:00","00:58:07","41","日テレ１","世界一受けたい授業[字]"
240,BD-R-30005-001,"00017","2020/03/14 21:54:00","00:06:08","71","テレビ東京１","土曜名馬座 ▽仲村トオル[字]"
241,BD-R-30005-001,"00018","2020/03/14 21:54:00","00:06:10","61","ＴＢＳ１","和心百景～あの器を生み出した！？　『上野焼』～笛木優子／葉加瀬太郎[解][字]"
242,BD-R-30005-001,"00019","2020/03/14 23:15:00","00:50:08","51","テレビ朝日","[終]アリバイ崩し承ります　＃７【最終回】[字]"
243,BD-R-30005-001,"00020","2020/03/15 07:00:00","00:30:06","71","テレビ東京１","パウ・パトロール[字][二]"
244,BD-R-30005-001,"00021","2020/03/15 07:30:00","00:30:07","71","テレビ東京１","ディズニー・サンデー アバローのプリンセス エレナ[字]"
245,BD-R-30005-001,"00022","2020/03/15 08:30:00","00:29:46","71","テレビ東京１","デュエル・マスターズ！！「学校で頂ジョー対決！デュエマ超天決戦！」[字]"
246,BD-R-30005-001,"00023","2020/03/15 08:30:00","00:29:49","51","テレビ朝日","ヒーリングっどプリキュア　第７話　大スクープ！？のどかの秘密[デ][字]"
247,BD-R-30005-001,"00024","2020/03/15 09:00:00","00:29:52","51","テレビ朝日","仮面ライダーゼロワン[デ][字]"
248,BD-R-30005-001,"00025","2020/03/15 09:30:00","00:30:13","81","フジテレビ","ワンピース【都騒然！サンジ狙う新たな刺客】[字][解][デ]"
249,BD-R-30005-001,"00026","2020/03/15 22:54:00","00:06:09","61","ＴＢＳ１","未来の起源[解][字]"
250,BD-R-30005-001,"00027","2020/03/16 00:40:00","00:05:08","51","テレビ朝日","名医の極み"
251,BD-R-30005-001,"00028","2020/03/16 20:00:00","02:48:06","71","テレビ東京１","世界ナゼそこに？日本人【ナゼそこ秘境食堂】船でしか行けない秘境に日本食の名店？[字]"
252,BD-R-30005-001,"00029","2020/03/16 22:48:00","00:06:07","71","テレビ東京１","東京ＧＯＯＤ！【日本の鉄道発祥の地・汐留】[字]"
253,BD-R-30005-001,"00030","2020/03/16 22:54:00","00:06:07","71","テレビ東京１","夢遺産～リーダーの夢の先～[字]"
254,BD-R-30005-001,"00031","2020/03/17 18:25:00","00:30:07","71","テレビ東京１","ブラッククローバー ＃126「碧薔薇の告白」[字]"
255,BD-R-30005-001,"00032","2020/03/17 19:00:00","02:47:45","51","テレビ朝日","[終]名医とつながる！たけしの家庭の医学　堀ちえみ警告「本当は怖い不調」▽コロナ…[字]"
256,BD-R-30005-001,"00033","2020/03/17 21:54:00","00:06:07","71","テレビ東京１","東京交差点「つまみかんざし」[字]"
257,BD-R-30005-001,"00034","2020/03/17 23:12:00","00:03:11","61","ＴＢＳ１","勇気のシルシ～パラアスリートの挑戦　アーチェリー　マット・スタッツマン～[解][字]"
258,BD-R-30005-001,"00035","2020/03/17 23:24:00","00:06:09","81","フジテレビ","環境クライシス[字]"
259,BD-R-30005-001,"00036","2020/03/18 02:35:00","00:55:08","41","日テレ１","フラッシュ＜サード・シーズン＞「失われた記憶」＃21[二]"
260,BD-R-30005-001,"00037","2020/03/18 17:55:00","00:30:07","71","テレビ東京１","七つの大罪 神々の逆鱗「闇に歪む者」[字]"
261,BD-R-30005-001,"00038","2020/03/18 22:54:00","00:06:09","41","日テレ１","心に刻む風景[字]"
262,BD-RE-30006-001,"00001","2020/02/23 21:00:00","01:53:08","51","テレビ朝日","山村美紗サスペンス　狩矢父娘シリーズ２０作記念～京都俳句ツアー殺人事件！[解][字]"
263,BD-RE-30006-001,"00002","2020/03/16 22:48:00","00:06:07","71","テレビ東京１","東京ＧＯＯＤ！【日本の鉄道発祥の地・汐留】[字]"
264,BD-RE-30006-001,"00003","2020/03/16 22:54:00","00:06:07","71","テレビ東京１","夢遺産～リーダーの夢の先～[字]"
265,BD-RE-30006-001,"00004","2020/03/17 18:25:00","00:30:07","71","テレビ東京１","ブラッククローバー ＃126「碧薔薇の告白」[字]"
266,BD-RE-30006-001,"00005","2020/03/17 19:00:00","02:47:45","51","テレビ朝日","[終]名医とつながる！たけしの家庭の医学　堀ちえみ警告「本当は怖い不調」▽コロナ…[字]"
267,BD-RE-30006-001,"00006","2020/03/17 21:54:00","00:06:07","71","テレビ東京１","東京交差点「つまみかんざし」[字]"
268,BD-RE-30006-001,"00007","2020/03/17 23:12:00","00:03:11","61","ＴＢＳ１","勇気のシルシ～パラアスリートの挑戦　アーチェリー　マット・スタッツマン～[解][字]"
269,BD-RE-30006-001,"00008","2020/03/17 23:24:00","00:06:09","81","フジテレビ","環境クライシス[字]"
270,BD-RE-30006-001,"00009","2020/03/18 02:35:00","00:55:08","41","日テレ１","フラッシュ＜サード・シーズン＞「失われた記憶」＃21[二]"
271,BD-RE-30006-001,"00010","2020/03/18 17:55:00","00:30:07","71","テレビ東京１","七つの大罪 神々の逆鱗「闇に歪む者」[字]"
272,BD-RE-30006-001,"00011","2020/03/18 18:55:00","03:59:08","71","テレビ東京１","家、ついて行ってイイですか？【特別編】奇跡の衝撃映像＆鷲見アナの家１５連発[字]"
273,BD-RE-30006-001,"00012","2020/03/18 22:54:00","00:06:09","41","日テレ１","心に刻む風景[字]"
274,BD-RE-30006-001,"00013","2020/03/19 17:55:00","00:30:07","71","テレビ東京１","プリスクタイム（エッグカー／ＧＯ！ＧＯ！アトム）[字]"
275,BD-RE-30006-001,"00014","2020/03/19 19:58:00","01:49:46","71","テレビ東京１","二代目 和風総本家２時間スペシャル[終]「その後、お元気ですか？」[字]"
276,BD-RE-30006-001,"00015","2020/03/19 22:54:00","00:06:07","71","テレビ東京１","探究の階段[字]"
277,BD-RE-30006-001,"00016","2020/03/20 01:58:00","00:30:08","61","ＴＢＳ１","地縛少年花子くん　♯１１[字]"
278,BD-RE-30006-001,"00017","2020/03/20 22:54:00","00:05:46","71","テレビ東京１","家族記念日[字]"
279,BD-RE-30006-001,"00018","2020/03/20 22:54:00","00:06:06","41","日テレ１","ゆっくり私時間～Ｍｙ Ｑｕａｌｉｔｙ Ｌｉｆｅ～[字]"
280,BD-RE-30006-001,"00019","2020/03/21 01:55:00","00:30:09","61","ＴＢＳ１","歌舞伎町シャーロック　＃２３「８時、全員集合だよ」【アニメイズム】"
281,BD-RE-30006-001,"00020","2020/03/21 02:25:00","00:30:09","61","ＴＢＳ１","ランウェイで笑って　♯１１「約束」【アニメイズム】[字]"
282,BD-RE-30006-001,"00021","2020/03/21 08:00:00","00:30:07","71","テレビ東京１","カードファイト！！ ヴァンガード２０１９ 「新たなる先導者」[字]"
283,BD-RE-30006-001,"00022","2020/03/21 09:30:00","00:29:45","71","テレビ東京１","ポチっと発明 ピカちんキット「ピラメキのスタートライン ほか」[字]"
284,BD-RE-30006-001,"00023","2020/03/21 09:55:00","00:05:08","51","テレビ朝日","旅するチーズ[字]"
285,BD-RE-30006-001,"00024","2020/03/21 10:30:00","00:30:07","71","テレビ東京１","アイカツオンパレード！「ともだち！オンパレード！」[字][デ]"
286,BD-RE-30006-001,"00025","2020/03/21 13:30:00","01:00:08","81","フジテレビ","世界のスゴ大！在学中。～天才ニッポン人学生に密着！～【美人音大生に伊沢も驚愕】[字]"
287,BD-RE-30006-001,"00026","2020/03/21 17:30:00","00:29:49","41","日テレ１","僕のヒーローアカデミア「垂れ流せ！文化祭！」[字][デ]"
288,BD-RE-30006-001,"00027","2020/03/21 18:00:00","00:29:46","51","テレビ朝日","人生の楽園　おとんはピアノ調律師～大阪市[字]"
289,BD-RE-30006-001,"00028","2020/03/21 18:00:00","00:30:06","41","日テレ１","名探偵コナン「標的は警視庁交通部（三）」[字][デ]"
290,BD-RE-30006-001,"00029","2020/03/21 19:56:00","00:57:46","41","日テレ１","世界一受けたい授業[字]人気漫画「ドクターストーン」に学ぶ人類を救う科学"
291,BD-RE-30006-001,"00030","2020/03/21 21:54:00","00:05:46","71","テレビ東京１","土曜名馬座 ▽仲村トオル[字]"
292,BD-RE-30006-001,"00031","2020/03/21 21:54:00","00:06:08","61","ＴＢＳ１","和心百景～あの器を生み出した！？　『上野焼』～笛木優子／葉加瀬太郎[解][字]"
293,BD-RE-30006-001,"00032","2020/03/22 07:00:00","00:30:06","71","テレビ東京１","パウ・パトロール[字][二]"
294,BD-RE-30006-001,"00033","2020/03/22 07:30:00","00:30:07","71","テレビ東京１","ディズニー・サンデー アバローのプリンセス エレナ[字]"
295,BD-RE-30006-001,"00034","2020/03/22 08:30:00","00:29:46","51","テレビ朝日","ヒーリングっどプリキュア　第８話　とべないちゆ陸上大会 大ピンチ！[デ][字]"
296,BD-RE-30006-001,"00035","2020/03/22 09:00:00","00:29:46","51","テレビ朝日","仮面ライダーゼロワン[デ][字]"
297,BD-RE-30006-001,"00036","2020/03/22 09:30:00","00:30:11","81","フジテレビ","ワンピース【大活躍！正義のおそばマスク！】[字][解][デ]"
298,BD-RE-30006-001,"00037","2020/03/22 18:00:00","00:30:10","61","ＴＢＳ１","世界遺産「火山島バリ！600キロの大水路網と絶景の棚田」[解][字]"
299,BD-RE-30006-001,"00038","2020/03/22 23:19:00","00:06:08","61","ＴＢＳ１","未来の起源[解][字]"
300,BD-RE-30006-001,"00039","2020/03/23 00:40:00","00:05:08","51","テレビ朝日","名医の極み"
301,BD-RE-30006-001,"00040","2020/03/23 07:35:00","00:25:07","71","テレビ東京１","朝の！さんぽ道 ベストセレクション【渋谷・原宿・代々木】旅人：金子貴俊[字][解]"
302,BD-RE-30006-001,"00041","2020/03/23 21:00:00","01:47:46","71","テレビ東京１","世界ナゼそこに？日本人 大好評！未確認日本人＆世界の衝撃映像２時間ＳＰ[字]"
303,BD-RE-30008-001,"00001","2020/03/25 21:00:00","01:00:08","71","テレビ東京１","家、ついて行ってイイですか？～同窓会帰り…駅で泣いてた男＆懲役夫待つ75歳女[字]"
304,BD-RE-30008-001,"00002","2020/03/25 22:54:00","00:06:07","41","日テレ１","心に刻む風景[字]"
305,BD-RE-30008-001,"00003","2020/03/25 22:54:00","00:06:10","81","フジテレビ","フューチャーランナーズ～１７の未来～【ＳＤＧｓの課題解決に取り組む人に密着！】[字]"
306,BD-RE-30008-001,"00004","2020/03/26 17:55:00","00:30:07","71","テレビ東京１","プリスクタイム（エッグカー／ＧＯ！ＧＯ！アトム）[字]"
307,BD-RE-30008-001,"00005","2020/03/26 18:25:00","01:28:07","71","テレビ東京１","世界が騒然！本当にあった(秘)衝撃ファイル【１部】[字]"
308,BD-RE-30008-001,"00006","2020/03/26 19:58:00","01:50:07","71","テレビ東京１","世界が騒然！本当にあった(秘)衝撃ファイル【２部】[字]"
309,BD-RE-30008-001,"00007","2020/03/26 22:54:00","00:06:07","71","テレビ東京１","探究の階段[字]"
310,BD-RE-30008-001,"00008","2020/03/27 02:00:00","00:30:09","61","ＴＢＳ１","地縛少年花子くん　♯１２[終][字]"
311,BD-RE-30008-001,"00009","2020/03/27 20:54:00","00:05:46","41","日テレ１","ママへの伝言 Ｓｍｉｌｅ Ｃａｆｅ[字]"
312,BD-RE-30008-001,"00010","2020/03/27 22:54:00","00:06:07","71","テレビ東京１","家族記念日[終][字]"
313,BD-RE-30008-001,"00011","2020/03/27 23:09:00","00:05:46","41","日テレ１","ゆっくり私時間～Ｍｙ Ｑｕａｌｉｔｙ Ｌｉｆｅ～[字]"
314,BD-RE-30008-001,"00012","2020/03/28 01:57:00","00:30:09","61","ＴＢＳ１","歌舞伎町シャーロック　＃２４「歌舞伎町で会おう」（最終回）【アニメイズム】[終]"
315,BD-RE-30008-001,"00013","2020/03/28 02:20:00","00:30:07","41","日テレ１","久石譲×クラシック！この挑戦を聴き逃すな[再]"
316,BD-RE-30008-001,"00014","2020/03/28 02:27:00","00:30:09","61","ＴＢＳ１","ランウェイで笑って　♯１２「これは僕の物語」（最終回）【アニメイズム】[終][字]"
317,BD-RE-30008-001,"00015","2020/03/28 08:00:00","00:30:07","71","テレビ東京１","カードファイト！！ ヴァンガード２０１９[終]「３人のアイドル？／新田シン」[字]"
318,BD-RE-30008-001,"00016","2020/03/28 09:30:00","00:29:46","71","テレビ東京１","ポチっと発明 ピカちんキット[終]「はじめてのピラメキ」[字]"
319,BD-RE-30008-001,"00017","2020/03/28 09:55:00","00:05:08","51","テレビ朝日","[終]旅するチーズ[字]"
320,BD-RE-30008-001,"00018","2020/03/28 10:30:00","00:30:07","71","テレビ東京１","アイカツオンパレード！[終]「光る未来へ」[字][デ]"
321,BD-RE-30008-001,"00019","2020/03/28 13:59:00","00:57:08","51","テレビ朝日","ミラクル９　傑作選[字]"
322,BD-RE-30008-001,"00020","2020/03/28 15:55:00","00:05:08","51","テレビ朝日","[終]世界が愛した絵本[字]"
323,BD-RE-30008-001,"00021","2020/03/28 17:30:00","00:29:49","41","日テレ１","僕のヒーローアカデミア「ヒーロービルボードチャートＪＰ」[字][デ]"
324,BD-RE-30008-001,"00022","2020/03/28 18:00:00","00:29:49","51","テレビ朝日","人生の楽園　田舎を体験 ひなたの宿～群馬・富岡市[字]"
325,BD-RE-30008-001,"00023","2020/03/28 18:00:00","00:30:06","41","日テレ１","名探偵コナン「標的は警視庁交通部（四）」[字][デ]"
326,BD-RE-30008-001,"00024","2020/03/28 19:00:00","01:53:46","41","日テレ１","世界一受けたい授業 フィンランド＆ポン・ジュノ監督＆世界一パスタ[字]"
327,BD-RE-30008-001,"00025","2020/03/28 21:54:00","00:05:46","71","テレビ東京１","土曜名馬座 ▽仲村トオル[字]"
328,BD-RE-30008-001,"00026","2020/03/28 21:54:00","00:06:09","61","ＴＢＳ１","和心百景～四季をかたどる！　『菓子木型』～笛木優子／葉加瀬太郎[解][字]"
329,BD-RE-30008-001,"00027","2020/03/29 07:00:00","00:30:06","71","テレビ東京１","パウ・パトロール[字][二]"
330,BD-RE-30008-001,"00028","2020/03/29 07:30:00","00:30:06","71","テレビ東京１","ディズニー・サンデー アバローのプリンセス エレナ[終][字]"
331,BD-RE-30008-001,"00029","2020/03/29 08:30:00","00:29:46","71","テレビ東京１","デュエル・マスターズ！！[終]「運命回すぜ！超天フィーバー！」[字]"
332,BD-RE-30008-001,"00030","2020/03/29 08:30:00","00:29:49","51","テレビ朝日","ヒーリングっどプリキュア　第９話 ひなたのカワイイ大作戦！[デ][字]"
333,BD-RE-30008-001,"00031","2020/03/29 09:00:00","00:29:46","51","テレビ朝日","仮面ライダーゼロワン[デ][字]"
334,BD-RE-30008-001,"00032","2020/03/29 09:30:00","00:29:46","81","フジテレビ","ワンピース【絶体絶命！脅威のオロチお庭番衆】[字][解][デ]"
335,BD-RE-30008-001,"00033","2020/03/29 11:55:00","00:59:07","71","テレビ東京１","世界！ニッポン行きたい人応援団予習復習ＳＰ[字]"
336,BD-RE-30008-001,"00034","2020/03/29 18:00:00","00:30:10","61","ＴＢＳ１","世界遺産「もう一度見たい！世界遺産ベスト１０」[解][字]"
337,BD-RE-30008-001,"00035","2020/03/29 21:57:00","00:03:07","41","日テレ１","夢の通り道[字]"
338,BD-RE-30008-001,"00036","2020/03/29 22:54:00","00:06:08","61","ＴＢＳ１","未来の起源[終][解][字]"
339,BD-RE-30008-001,"00037","2020/03/30 08:00:00","00:15:07","71","テレビ東京１","ハーフタイムツアーズ[字]"
340,BD-RE-30008-001,"00038","2020/03/30 18:55:00","02:04:46","71","テレビ東京１","世界！ニッポン行きたい人応援団【ご招待したら人生変わっちゃったＳＰ】[字]"
341,BD-RE-30008-001,"00039","2020/03/30 19:00:00","02:47:46","51","テレビ朝日","列島警察捜査網ＴＨＥ追跡２０２０春の事件簿[字]"
342,BD-RE-30008-001,"00040","2020/03/30 22:48:00","00:06:07","71","テレビ東京１","東京ＧＯＯＤ！【ソメイヨシノ発祥の地・駒込】[字]"
343,BD-RE-30008-001,"00041","2020/03/30 22:54:00","00:06:08","71","テレビ東京１","夢遺産～リーダーの夢の先～[字]"
344,BD-RE-30008-001,"00042","2020/03/31 08:00:00","00:15:07","71","テレビ東京１","ハーフタイムツアーズ[字]"
345,BD-RE-30008-001,"00043","2020/03/31 18:25:00","00:30:07","71","テレビ東京１","ブラッククローバー ＃128「ハート王国へ！」[字]"
346,BD-RE-30008-001,"00044","2020/03/31 21:54:00","00:06:07","71","テレビ東京１","東京交差点「パイプオルガン」[字]"
347,BD-RE-30008-001,"00045","2020/03/31 22:57:00","00:03:09","61","ＴＢＳ１","勇気のシルシ～パラアスリートの挑戦　アーチェリー　マット・スタッツマン～[終][解][字]"
348,BD-RE-30008-001,"00046","2020/04/01 02:29:00","00:55:07","41","日テレ１","フラッシュ＜サード・シーズン＞「ゴールライン」＃23[終][二]"
349,BD-RE-30008-001,"00047","2020/04/01 08:00:00","00:15:07","71","テレビ東京１","ハーフタイムツアーズ[字]"
350,BD-RE-30008-001,"00048","2020/04/01 22:54:00","00:06:06","41","日テレ１","心に刻む風景[字]"
351,BD-RE-30009-001,"00001","2020/03/30 19:00:00","02:47:46","51","テレビ朝日","列島警察捜査網ＴＨＥ追跡２０２０春の事件簿[字]"
352,BD-RE-30009-001,"00002","2020/03/30 22:48:00","00:06:07","71","テレビ東京１","東京ＧＯＯＤ！【ソメイヨシノ発祥の地・駒込】[字]"
353,BD-RE-30009-001,"00003","2020/03/30 22:54:00","00:06:08","71","テレビ東京１","夢遺産～リーダーの夢の先～[字]"
354,BD-RE-30009-001,"00004","2020/03/31 08:00:00","00:15:07","71","テレビ東京１","ハーフタイムツアーズ[字]"
355,BD-RE-30009-001,"00005","2020/03/31 18:25:00","00:30:07","71","テレビ東京１","ブラッククローバー ＃128「ハート王国へ！」[字]"
356,BD-RE-30009-001,"00006","2020/03/31 21:54:00","00:06:07","71","テレビ東京１","東京交差点「パイプオルガン」[字]"
357,BD-RE-30009-001,"00007","2020/03/31 22:57:00","00:03:09","61","ＴＢＳ１","勇気のシルシ～パラアスリートの挑戦　アーチェリー　マット・スタッツマン～[終][解][字]"
358,BD-RE-30009-001,"00008","2020/04/01 02:29:00","00:55:07","41","日テレ１","フラッシュ＜サード・シーズン＞「ゴールライン」＃23[終][二]"
359,BD-RE-30009-001,"00009","2020/04/01 08:00:00","00:15:07","71","テレビ東京１","ハーフタイムツアーズ[字]"
360,BD-RE-30009-001,"00010","2020/04/01 22:54:00","00:06:06","41","日テレ１","心に刻む風景[字]"
361,BD-RE-30009-001,"00011","2020/04/02 08:00:00","00:15:07","71","テレビ東京１","ハーフタイムツアーズ[字]"
362,BD-RE-30009-001,"00012","2020/04/02 17:55:00","00:30:07","71","テレビ東京１","プリスクタイム（エッグカー／ＧＯ！ＧＯ！アトム）[字]"
363,BD-RE-30009-001,"00013","2020/04/02 19:00:00","02:47:50","51","テレビ朝日","徹子の部屋４５年目突入ＳＰ[字]"
364,BD-RE-30009-001,"00014","2020/04/02 22:54:00","00:06:07","71","テレビ東京１","探究の階段[字]"
365,BD-RE-30009-001,"00015","2020/04/03 08:00:00","00:15:07","71","テレビ東京１","ハーフタイムツアーズ[字]"
366,BD-RE-30009-001,"00016","2020/04/03 19:00:00","01:53:46","41","日テレ１","小学5年生より賢いの？４月だよ！新助っ人小学生がガチで緊張の芸能人を救済！ＳＰ[字]"
367,BD-RE-30009-001,"00017","2020/04/03 22:54:00","00:05:46","71","テレビ東京１","[新]未来レンズ[字]"
368,BD-RE-30009-001,"00018","2020/04/04 00:12:00","00:40:08","71","テレビ東京１","らせんの迷宮 ～ＤＮＡ科学捜査・大解剖ＳＰ！[字]"
369,BD-RE-30009-001,"00019","2020/04/04 08:00:00","00:30:08","71","テレビ東京１","ヴァンガード 春のヴァン祭り ヴァンガード芸人オーディション前編[字]"
370,BD-RE-30009-001,"00020","2020/04/04 17:15:00","00:05:07","71","テレビ東京１","モノイズム[字]"
371,BD-RE-30009-001,"00021","2020/04/04 17:30:00","00:29:49","41","日テレ１","僕のヒーローアカデミア「始まりの」[終][字][デ]"
372,BD-RE-30009-001,"00022","2020/04/04 18:00:00","00:29:49","51","テレビ朝日","人生の楽園　桜の里の農家カフェ～静岡・河津町[字]"
373,BD-RE-30009-001,"00023","2020/04/04 18:00:00","00:29:52","41","日テレ１","名探偵コナン「さざ波の魔法使い（前編）」[解][字][デ]"
374,BD-RE-30009-001,"00024","2020/04/04 22:24:00","00:06:07","71","テレビ東京１","土曜名馬座 ▽仲村トオル[字]"
375,BD-RE-30009-001,"00025","2020/04/04 23:48:00","00:06:09","61","ＴＢＳ１","和心百景～裏方で和菓子を支える！　『菓子木型』～笛木優子／葉加瀬太郎　[解][字]"
376,BD-RE-30009-001,"00026","2020/04/05 07:00:00","00:30:06","71","テレビ東京１","パウ・パトロール[字][二]"
377,BD-RE-30009-001,"00027","2020/04/05 07:30:00","00:30:07","71","テレビ東京１","[新]ディズニー・サンデー ラプンツェル ザ・シリーズ[字]"
378,BD-RE-30009-001,"00028","2020/04/05 08:30:00","00:29:46","71","テレビ東京１","[新]デュエル・マスターズ キング「いきなりショッキング！鬼が街に降ってきたぁ！」[字]"
379,BD-RE-30009-001,"00029","2020/04/05 08:30:00","00:29:49","51","テレビ朝日","ヒーリングっどプリキュア　第１０話緊急お手当て！メガビョーゲンがいっぱい[デ][字]"
380,BD-RE-30009-001,"00030","2020/04/05 09:00:00","00:29:49","51","テレビ朝日","仮面ライダーゼロワン[デ][字]"
381,BD-RE-30009-001,"00031","2020/04/05 09:00:00","00:29:52","81","フジテレビ","[新]デジモンアドベンチャー：【東京デジタルクライシス】　＃０１[字][解][デ]"
382,BD-RE-30009-001,"00032","2020/04/05 09:30:00","00:30:10","81","フジテレビ","ワンピース【修羅場！怒れる大蛇　将軍オロチ】[字][解][デ]"
383,BD-RE-30009-001,"00033","2020/04/05 10:30:00","00:30:07","71","テレビ東京１","[新]ミュークルドリーミー「はじまりのストーリー」[字]"
384,BD-RE-30009-001,"00034","2020/04/05 18:00:00","00:30:10","61","ＴＢＳ１","世界遺産「インド洋の秘境！巨大なリング状の島」[解][字]"
385,BD-RE-30009-001,"00035","2020/04/05 22:57:00","00:03:07","41","日テレ１","夢の通り道[字]"
386,BD-RE-30009-001,"00036","2020/04/06 07:35:00","00:25:07","71","テレビ東京１","[新]シナぷしゅ[字][解]"
387,BD-RE-30009-001,"00037","2020/04/06 08:00:00","00:15:07","71","テレビ東京１","ハーフタイムツアーズ[字]"
388,BD-RE-30009-001,"00038","2020/04/06 17:55:00","00:30:07","71","テレビ東京１","[新]ファンファンキティ！[字]"
389,BD-RE-30009-001,"00039","2020/04/06 22:48:00","00:06:07","71","テレビ東京１","東京ＧＯＯＤ！【江戸川橋から見えない川をたどる】[字]"
390,BD-RE-30009-001,"00040","2020/04/06 22:54:00","00:06:07","71","テレビ東京１","夢遺産[字]"
391,BD-RE-30009-001,"00041","2020/04/06 23:28:00","00:06:08","81","フジテレビ","四季彩キッチン[字]"
392,BD-RE-30009-001,"00042","2020/04/07 01:30:00","00:30:07","71","テレビ東京１","[新]フルーツバスケット ２ｎｄ ｓｅａｓｏｎ「お久しぶりです」"
393,BD-RE-30009-001,"00043","2020/04/07 07:35:00","00:25:07","71","テレビ東京１","シナぷしゅ[字][解]"
394,BD-RE-30009-001,"00044","2020/04/07 08:00:00","00:15:07","71","テレビ東京１","ハーフタイムツアーズ[字]"
395,BD-RE-30009-001,"00045","2020/04/07 18:25:00","00:30:07","71","テレビ東京１","ブラッククローバー ＃129「悪魔メギキュラ」[字]"
396,BD-RE-30009-001,"00046","2020/04/07 21:54:00","00:06:08","71","テレビ東京１","東京交差点「ピアノ」[字]"
397,BD-RE-30009-001,"00047","2020/04/08 00:55:00","00:30:09","81","フジテレビ","パパ活＜Ｔナイト＞　＃０１[再]"
398,BD-RE-30009-001,"00048","2020/04/08 07:35:00","00:25:07","71","テレビ東京１","シナぷしゅ[字][解]"
399,BD-RE-30009-001,"00049","2020/04/08 08:00:00","00:15:07","71","テレビ東京１","ハーフタイムツアーズ[字]"
400,BD-RE-30009-001,"00050","2020/04/08 19:00:00","01:59:50","81","フジテレビ","世界の何だコレ！？ミステリーＳＰ【ウソかマコトか…噂の禁断エリア直撃ＳＰ】[字]"
401,BD-RE-30010-001,"00001","2020/04/08 21:00:00","01:54:06","71","テレビ東京１","家、ついて行ってイイですか？【特別編】今年は家でお花見楽しもうＳＰ！衝撃６連発[字]"
402,BD-RE-30010-001,"00002","2020/04/08 22:54:00","00:06:06","41","日テレ１","心に刻む風景[字]"
403,BD-RE-30010-001,"00003","2020/04/08 23:00:00","00:58:07","71","テレビ東京１","WBS▽緊急事態宣言で何が変わった？タクシーにはあるモノが…"
404,BD-RE-30010-001,"00004","2020/04/09 00:52:00","00:06:07","71","テレビ東京１","[新]ミニドラマ きょうの猫村さん 主演：松重豊[字]"
405,BD-RE-30010-001,"00005","2020/04/09 07:35:00","00:25:07","71","テレビ東京１","シナぷしゅ[字][解]"
406,BD-RE-30010-001,"00006","2020/04/09 08:00:00","00:15:07","71","テレビ東京１","ハーフタイムツアーズ[字]"
407,BD-RE-30010-001,"00007","2020/04/09 17:55:00","00:30:08","71","テレビ東京１","プリスクタイム（エッグカー／ＧＯ！ＧＯ！アトム）[字]"
408,BD-RE-30010-001,"00008","2020/04/09 19:53:00","01:54:46","71","テレビ東京１","ＩＫＫＯまぼろし～衝撃映像祭り【航空機パニック＆アレルギー】純烈も仰天[字]"
409,BD-RE-30010-001,"00009","2020/04/09 22:54:00","00:06:07","71","テレビ東京１","探究の階段[字]"
410,BD-RE-30010-001,"00010","2020/04/10 00:59:00","00:30:07","41","日テレ１","新日曜ドラマ「美食探偵 明智五郎」スタート直前～謎暴いちゃうぞSP～"
411,BD-RE-30010-001,"00011","2020/04/10 01:10:00","00:30:08","81","フジテレビ","[新]富豪刑事　Ｂａｌａｎｃｅ：ＵＮＬＩＭＩＴＥＤ＜ノイタミナ＞　＃０１[字]"
412,BD-RE-30010-001,"00012","2020/04/10 07:35:00","00:25:07","71","テレビ東京１","シナぷしゅ[字][解]"
413,BD-RE-30010-001,"00013","2020/04/10 08:00:00","00:15:07","71","テレビ東京１","ハーフタイムツアーズ[字]"
414,BD-RE-30010-001,"00014","2020/04/10 22:54:00","00:05:46","71","テレビ東京１","未来レンズ[字]"
415,BD-RE-30010-001,"00015","2020/04/11 02:00:00","00:30:07","71","テレビ東京１","流派－Ｒ since2001"
416,BD-RE-30010-001,"00016","2020/04/11 07:30:00","00:30:05","71","テレビ東京１","遊戯王ＳＥＶＥＮＳ（セブンス）「悪魔を飼う男」[字]"
417,BD-RE-30010-001,"00017","2020/04/11 08:00:00","00:30:07","71","テレビ東京１","ヴァンガード 春のヴァン祭り ヴァンガード芸人オーディション後編[字]"
418,BD-RE-30010-001,"00018","2020/04/11 11:30:00","01:31:07","71","テレビ東京１","速水もこみち、定食はじめました[再] 能登～金沢▽今夜6：30～あさこ房総旅[字]"
419,BD-RE-30010-001,"00019","2020/04/11 16:30:00","00:30:08","51","テレビ朝日","クレヨンしんちゃん　【逆転しない裁判だゾ】ほか[デ][解][字]"
420,BD-RE-30010-001,"00020","2020/04/11 17:00:00","00:30:08","51","テレビ朝日","ドラえもん　【宝さがしはバタ足で】【三年寝太郎まくら】[デ][字]"
421,BD-RE-30010-001,"00021","2020/04/11 18:00:00","00:29:49","51","テレビ朝日","人生の楽園　渚の宝物　お父さんの貝細工～石川・志賀町[字]"
422,BD-RE-30010-001,"00022","2020/04/11 18:00:00","00:30:06","41","日テレ１","名探偵コナン「さざ波の魔法使い（後編）」[解][字][デ]"
423,BD-RE-30010-001,"00023","2020/04/11 19:56:00","00:58:07","41","日テレ１","世界一受けたい授業[字]"
424,BD-RE-30010-001,"00024","2020/04/11 21:54:00","00:05:49","71","テレビ東京１","土曜名馬座 ▽仲村トオル[字]"
425,BD-RE-30010-001,"00025","2020/04/12 07:00:00","00:30:06","71","テレビ東京１","パウ・パトロール[字][二]"
426,BD-RE-30010-001,"00026","2020/04/12 08:30:00","00:29:46","71","テレビ東京１","デュエル・マスターズ キング「鬼キング登場！？キング・オブ・デュエマッチ開幕！」[字]"
427,BD-RE-30010-001,"00027","2020/04/12 08:30:00","00:29:49","51","テレビ朝日","ヒーリングっどプリキュア　第１１話　力を一つに！ミラクルヒーリング！[デ][字]"
428,BD-RE-30010-001,"00028","2020/04/12 09:00:00","00:29:49","51","テレビ朝日","仮面ライダーゼロワン[デ][字]"
429,BD-RE-30010-001,"00029","2020/04/12 09:00:00","00:29:52","81","フジテレビ","デジモンアドベンチャー：【ウォー・ゲーム】　＃０２[字][解][デ]"
430,BD-RE-30010-001,"00030","2020/04/12 09:30:00","00:30:09","81","フジテレビ","ワンピース【花散る！ワノ国一の美女の最期】[字][解][デ]"
431,BD-RE-30010-001,"00031","2020/04/12 09:30:00","00:30:06","71","テレビ東京１","トミカ絆合体 アースグランナー「疾風！アースグランナーイーグルチータ！」[字]"
432,BD-RE-30010-001,"00032","2020/04/12 18:00:00","00:29:46","61","ＴＢＳ１","世界遺産「インド洋のガラパゴス！ゾウガメ15万頭の島」[解][字]"
433,BD-RE-30010-001,"00033","2020/04/12 18:00:00","00:30:06","71","テレビ東京１","ポケットモンスター「とどけ波導！サトシと不思議なタマゴ！！」[字][デ]"
434,BD-RE-30010-001,"00034","2020/04/12 21:54:00","00:06:07","41","日テレ１","夢の通り道[字]"
435,BD-RE-30010-001,"00035","2020/04/13 07:35:00","00:25:07","71","テレビ東京１","シナぷしゅ[字][解]"
436,BD-RE-30010-001,"00036","2020/04/13 08:00:00","00:15:07","71","テレビ東京１","ハーフタイムツアーズ[字]"
437,BD-RE-30010-001,"00037","2020/04/13 17:55:00","00:30:07","71","テレビ東京１","ファンファンキティ！[字]"
438,BD-RE-30010-001,"00038","2020/04/13 22:24:00","00:06:09","81","フジテレビ","四季彩キッチン[字]"
439,BD-RE-30010-001,"00039","2020/04/13 22:48:00","00:06:07","71","テレビ東京１","東京ＧＯＯＤ！【区の境目にまたがる街 谷中】[字]"
440,BD-RE-30010-001,"00040","2020/04/13 22:54:00","00:06:07","71","テレビ東京１","夢遺産[字]"
441,BD-RE-30010-001,"00041","2020/04/14 01:30:00","00:30:07","71","テレビ東京１","フルーツバスケット ２ｎｄ ｓｅａｓｏｎ「みんなで素麺食べたりしてね 」"
442,BD-RE-30010-001,"00042","2020/04/14 07:35:00","00:25:07","71","テレビ東京１","シナぷしゅ[字][解]"
443,BD-RE-30010-001,"00043","2020/04/14 08:00:00","00:15:06","71","テレビ東京１","ハーフタイムツアーズ[字]"
444,BD-RE-30010-001,"00044","2020/04/14 18:25:00","00:30:07","71","テレビ東京１","ブラッククローバー ＃130「新・魔法騎士団団長会議」[字]"
445,BD-RE-30010-001,"00045","2020/04/14 21:54:00","00:06:06","71","テレビ東京１","東京交差点「万華鏡」[字]"
446,BD-RE-30010-001,"00046","2020/04/15 01:40:00","00:30:09","81","フジテレビ","パパ活＜Ｔナイト＞　＃０２[再]"
447,BD-RE-30010-001,"00047","2020/04/15 07:35:00","00:25:07","71","テレビ東京１","シナぷしゅ[字][解]"
448,BD-RE-30010-001,"00048","2020/04/15 08:00:00","00:15:07","71","テレビ東京１","ハーフタイムツアーズ[字]"
449,BD-RE-30010-001,"00049","2020/04/15 21:00:00","01:00:09","71","テレビ東京１","家、ついて行ってイイですか？～読売巨人軍＆８０年代アイドル大好き美女[字]"
450,BD-RE-30010-001,"00050","2020/04/15 21:54:00","00:06:07","41","日テレ１","心に刻む風景[字]"
451,BD-RE-30010-001,"00051","2020/04/16 00:45:00","00:05:08","51","テレビ朝日","フィンク１分フィット[字]"
452,BD-RE-30010-001,"00052","2020/04/16 07:35:00","00:25:07","71","テレビ東京１","シナぷしゅ[字][解]"
453,BD-RE-30010-001,"00053","2020/04/16 08:00:00","00:15:07","71","テレビ東京１","ハーフタイムツアーズ[字]"
454,BD-RE-30011-001,"00001","2020/04/18 11:30:00","02:29:07","71","テレビ東京１","千原ジュニアのタクシー乗り継ぎ旅 極寒の青森横断▽今夜6：30～伊勢神宮へ[字]"
455,BD-RE-30011-001,"00002","2020/04/18 16:30:00","00:30:08","51","テレビ朝日","クレヨンしんちゃん　【泣いちゃイヤ～ンだゾ】ほか[デ][解][字]"
456,BD-RE-30011-001,"00003","2020/04/18 17:00:00","00:30:08","51","テレビ朝日","ドラえもん　【プラ酢マイナ酢】【クモノイトン】[デ][字]"
457,BD-RE-30011-001,"00004","2020/04/18 17:15:00","00:05:07","71","テレビ東京１","モノイズム[字]"
458,BD-RE-30011-001,"00005","2020/04/18 18:00:00","00:29:49","51","テレビ朝日","人生の楽園　父娘で守る人情理容室～三重・伊賀市[字]"
459,BD-RE-30011-001,"00006","2020/04/18 18:00:00","00:29:52","41","日テレ１","名探偵コナン「太閤恋する名人戦（前編）」[解][字][デ]"
460,BD-RE-30011-001,"00007","2020/04/18 18:30:00","02:23:45","71","テレビ東京１","土曜スペシャル 千原ジュニアのタクシー乗り継ぎ旅５ 貴乃花と伊勢神宮へ[字]"
461,BD-RE-30011-001,"00008","2020/04/18 19:56:00","00:57:49","41","日テレ１","世界一受けたい授業[字]中田英寿先生が初授業！今伝えたい…日本が誇る匠のスゴ技"
462,BD-RE-30011-001,"00009","2020/04/18 21:00:00","00:54:09","61","ＴＢＳ１","世界ふしぎ発見！異色ミステリーハンター　篠原かをり　ふしぎ生き物大冒険！[解][字]"
463,BD-RE-30011-001,"00010","2020/04/18 21:54:00","00:05:46","71","テレビ東京１","土曜名馬座 ▽仲村トオル[字]"
464,BD-RE-30011-001,"00011","2020/04/19 03:15:00","01:45:07","71","テレビ東京１","サタ☆シネ「沈黙の追撃」４月はセガール！最強オヤジVSマインドコントロール[映][二]"
465,BD-RE-30011-001,"00012","2020/04/19 07:00:00","00:29:46","71","テレビ東京１","パウ・パトロール[字][二]"
466,BD-RE-30011-001,"00013","2020/04/19 07:30:00","00:30:07","71","テレビ東京１","ディズニー・サンデー ラプンツェル ザ・シリーズ[字]"
467,BD-RE-30011-001,"00014","2020/04/19 08:30:00","00:29:46","71","テレビ東京１","デュエル・マスターズキング「オレの正義がキラめキング！キラとアバクの闘いぃ！」[字]"
468,BD-RE-30011-001,"00015","2020/04/19 08:30:00","00:29:49","51","テレビ朝日","ヒーリングっどプリキュア　第１２話　以心伝心チームワーク大作戦[デ][字]"
469,BD-RE-30011-001,"00016","2020/04/19 09:00:00","00:29:46","81","フジテレビ","デジモンアドベンチャー：【そしてデジタルワールドへ】　＃０３[字][解][デ]"
470,BD-RE-30011-001,"00017","2020/04/19 09:00:00","00:29:49","51","テレビ朝日","仮面ライダーゼロワン[デ][字]"
471,BD-RE-30011-001,"00018","2020/04/19 09:30:00","00:29:46","81","フジテレビ","ワンピース【囚人の絆　ルフィとヒョウじい！】[字][解][デ]"
472,BD-RE-30011-001,"00019","2020/04/19 09:30:00","00:30:06","71","テレビ東京１","トミカ絆合体 アースグランナー「ＧＯＧＯＧＯ！マッハ ゴウ！」[字]"
473,BD-RE-30011-001,"00020","2020/04/19 10:30:00","00:30:07","71","テレビ東京１","ミュークルドリーミー「先輩の夢に入っちゃお」[字]"
474,BD-RE-30011-001,"00021","2020/04/19 18:00:00","00:29:46","71","テレビ東京１","ポケットモンスター「さよなら、ラビフット！」[字][デ]"
475,BD-RE-30011-001,"00022","2020/04/19 18:00:00","00:30:10","61","ＴＢＳ１","世界遺産「大草原に2500万本！闇に輝くナゾの塔」[解][字]"
476,BD-RE-30011-001,"00023","2020/04/20 07:35:00","00:25:07","71","テレビ東京１","シナぷしゅ[字][解]"
477,BD-RE-30011-001,"00024","2020/04/20 08:00:00","00:15:07","71","テレビ東京１","ハーフタイムツアーズ[字]"
478,BD-RE-30011-001,"00025","2020/04/20 13:49:00","01:54:07","51","テレビ朝日","人類学者・岬久美子の殺人鑑定４[字][再]"
479,BD-RE-30011-001,"00026","2020/04/20 17:55:00","00:30:07","71","テレビ東京１","ファンファンキティ！[字]"
480,BD-RE-30011-001,"00027","2020/04/20 20:00:00","01:53:46","71","テレビ東京１","月曜プレミア８「越境捜査」[字][解]"
481,BD-RE-30011-001,"00028","2020/04/20 21:54:00","00:06:07","71","テレビ東京１","東京ＧＯＯＤ！【“へび道”の由来に迫る！ 千駄木】[字]"
482,BD-RE-30011-001,"00029","2020/04/20 22:09:00","00:06:08","81","フジテレビ","四季彩キッチン[字]"
483,BD-RE-30011-001,"00030","2020/04/20 22:54:00","00:06:07","71","テレビ東京１","夢遺産[字]"
484,BD-RE-30011-001,"00031","2020/04/21 00:59:00","00:30:06","41","日テレ１","[新]正しいロックバンドの作り方＃01"
485,BD-RE-30011-001,"00032","2020/04/21 01:30:00","00:30:06","71","テレビ東京１","フルーツバスケット ２ｎｄ ｓｅａｓｏｎ「お着替えしましょうか……」"
486,BD-RE-30011-001,"00033","2020/04/21 07:35:00","00:25:07","71","テレビ東京１","シナぷしゅ[字][解]"
487,BD-RE-30011-001,"00034","2020/04/21 08:00:00","00:15:07","71","テレビ東京１","ハーフタイムツアーズ[字]"
488,BD-RE-30011-001,"00035","2020/04/21 13:49:00","01:54:08","51","テレビ朝日","森村誠一の終着駅シリーズ２５　途中下車する女[字][再]"
489,BD-RE-30011-001,"00036","2020/04/21 17:55:00","00:30:06","71","テレビ東京１","シャドウバース[字][デ]"
490,BD-RE-30011-001,"00037","2020/04/21 18:25:00","00:30:07","71","テレビ東京１","ブラッククローバー ＃131「新たなる決意」[字]"
491,BD-RE-30012-001,"00001","2020/05/01 21:00:00","01:53:46","41","日テレ１","金曜ロードＳＨＯＷ！「塔の上のラプンツェル」★本編ノーカット放送★[二][字][デ]"
492,BD-RE-30012-001,"00002","2020/05/08 21:00:00","01:53:46","41","日テレ１","金曜ロードＳＨＯＷ！「トイ・ストーリー３」[二][字][デ]"
493,BD-RE-30012-001,"00003","2020/04/12 21:00:00","01:54:07","51","テレビ朝日","春の映画スペシャル「シンデレラ」　★ディズニーが贈る豪華実写版[デ][二][字]"
494,BD-RE-30012-001,"00004","2020/05/06 01:55:00","01:55:08","81","フジテレビ","映画「ブリジット・ジョーンズの日記」＜Ｔナイト＞"
495,BD-RE-30012-001,"00005","2020/04/29 01:55:00","01:50:09","81","フジテレビ","映画「ドクター・ドリトル２」＜Ｔナイト＞"
496,BD-RE-30012-001,"00006","2020/05/05 02:09:00","01:50:07","41","日テレ１","映画天国「ワイルド・スピードＸ２」"
497,BD-RE-30012-001,"00007","2020/04/28 01:59:00","02:00:07","41","日テレ１","映画天国「メイド・イン・アメリカ」"
498,BD-RE-30012-001,"00008","2020/05/12 01:59:00","02:00:07","41","日テレ１","映画天国「ＳＰＩＮＮＩＮＧ ＫＩＴＥ スピニング カイト」"
499,BD-RE-30012-001,"00009","2020/05/08 13:35:00","02:05:06","71","テレビ東京１","午後エンタ 午後ロード「ゴリラ」金曜はシュワちゃん！[字][二]"
500,BD-RE-30012-001,"00010","2020/05/07 13:35:00","02:05:07","71","テレビ東京１","午後エンタ 午後ロード「ガントレット」木曜はクリント・イーストウッド[字][二]"
501,BD-RE-30012-001,"00011","2020/05/06 13:15:00","02:40:07","71","テレビ東京１","午後エンタ 午後ロードＧＷスペシャル「殿、利息でござる！」特選！日本映画！[字]"
502,BD-RE-30012-001,"00012","2020/05/05 13:15:00","02:40:07","71","テレビ東京１","午後エンタ 午後ロードＧＷスペシャル「武士の家計簿」特選日本映画！[字]"
503,BD-RE-30012-001,"00013","2020/04/21 19:00:00","01:54:10","51","テレビ朝日","世界の村で発見！こんなところに日本人　懸命に生きる女性編アフリカ＆インド洋の島[字]"
504,BD-RE-30013-001,"00001","2020/04/22 21:54:00","00:06:07","41","日テレ１","心に刻む風景[字]"
505,BD-RE-30013-001,"00002","2020/04/22 23:10:00","00:05:08","51","テレビ朝日","ラリージャパン応援宣言[字]"
506,BD-RE-30013-001,"00003","2020/04/22 23:15:00","01:00:08","51","テレビ朝日","家事ヤロウ！！！ バカリ＆中丸＆カズが話題の輸入食品店で激ウマ調味料５選[字]"
507,BD-RE-30013-001,"00004","2020/04/23 00:52:00","00:05:46","71","テレビ東京１","ミニドラマ きょうの猫村さん 主演：松重豊[字]"
508,BD-RE-30013-001,"00005","2020/04/23 01:20:00","00:06:08","51","テレビ朝日","全力坂"
509,BD-RE-30013-001,"00006","2020/04/23 07:35:00","00:25:07","71","テレビ東京１","シナぷしゅ[字][解]"
510,BD-RE-30013-001,"00007","2020/04/23 08:00:00","00:15:07","71","テレビ東京１","ハーフタイムツアーズ[字]"
511,BD-RE-30013-001,"00008","2020/04/23 17:55:00","00:30:07","71","テレビ東京１","プリスクタイム（エッグカー／ＧＯ！ＧＯ！アトム）[字]"
512,BD-RE-30013-001,"00009","2020/04/23 19:53:00","00:04:46","71","テレビ東京１","テレビ野郎ナナーナ 怪物クラーケンを追え！ 第２話～航海！コスパのいい船～[字]"
513,BD-RE-30013-001,"00010","2020/04/23 19:57:00","01:02:46","81","フジテレビ","奇跡体験！アンビリバボー【春だ！胸キュン！アニマル映像ＳＰ】[字]"
514,BD-RE-30013-001,"00011","2020/04/23 21:54:00","00:06:07","71","テレビ東京１","アイデアの方程式[字]"
515,BD-RE-30013-001,"00012","2020/04/23 21:54:00","00:06:09","81","フジテレビ","ザ・ホースマン笑[字]"
516,BD-RE-30013-001,"00013","2020/04/23 22:54:00","00:06:06","71","テレビ東京１","探究の階段[字]"
517,BD-RE-30013-001,"00014","2020/04/24 01:00:00","00:30:07","71","テレビ東京１","木ドラ２５ 新米姉妹のふたりごはん[再] ２品目 ローストビーフ"
518,BD-RE-30013-001,"00015","2020/04/24 07:35:00","00:25:07","71","テレビ東京１","シナぷしゅ[字][解]"
519,BD-RE-30013-001,"00016","2020/04/24 08:00:00","00:15:07","71","テレビ東京１","ハーフタイムツアーズ[字]"
520,BD-RE-30013-001,"00017","2020/04/24 17:55:00","00:30:07","71","テレビ東京１","ゾイドワイルド ＺＥＲＯ「激突！ 二大破壊竜！！」[字]"
521,BD-RE-30013-001,"00018","2020/04/24 18:25:00","00:30:06","71","テレビ東京１","妖怪ウォッチＪａｍ 妖怪学園Ｙ～Ｎとの遭遇～「第１７話」[字][デ]"
522,BD-RE-30013-001,"00019","2020/04/24 18:55:00","00:58:07","71","テレビ東京１","デカ盛りハンター[字]"
523,BD-RE-30013-001,"00020","2020/04/24 19:53:00","00:04:07","71","テレビ東京１","インテリア日和[字]"
524,BD-RE-30013-001,"00021","2020/04/24 19:57:00","01:50:46","71","テレビ東京１","今野敏サスペンス 機捜２３５ 春の新作！主演中村梅雀[字][解]"
525,BD-RE-30013-001,"00022","2020/04/24 22:54:00","00:05:49","61","ＴＢＳ１","スマイルすきっぷ～明日の元気をフルチャージ！～[解][字]"
526,BD-RE-30013-001,"00023","2020/04/24 22:54:00","00:06:06","71","テレビ東京１","未来レンズ[字]"
527,BD-RE-30013-001,"00024","2020/04/25 00:12:00","00:40:06","71","テレビ東京１","ドラマ24「浦安鉄筋家族」３発目 娘の彼は全裸男！父怒りの電気アンマ[字]"
528,BD-RE-30013-001,"00025","2020/04/25 00:52:00","00:31:06","71","テレビ東京１","ドラマ２５ 捨ててよ、安達さん。 第２話[字]"
529,BD-RE-30013-001,"00026","2020/04/25 05:20:00","00:30:08","51","テレビ朝日","日本のチカラ[字]"
530,BD-RE-30013-001,"00027","2020/04/25 07:30:00","00:30:08","71","テレビ東京１","遊戯王ＳＥＶＥＮＳ（セブンス）「さよなら、生徒会長！」[字]"
531,BD-RE-30013-001,"00028","2020/04/25 08:00:00","00:30:07","71","テレビ東京１","ヴァンガード ベストセレクション 第２話「勝利へのライド」[字]"
532,BD-RE-30013-001,"00029","2020/04/25 09:30:00","00:29:46","71","テレビ東京１","パズドラ[再]「狙われたトラゴン」[字]"
533,BD-RE-30013-001,"00030","2020/04/25 10:00:00","00:30:07","71","テレビ東京１","シャドウバース[再][字]"
534,BD-RE-30013-001,"00031","2020/04/25 10:30:00","00:55:07","41","日テレ１","世界一受けたい授業 傑作選[字]"
535,BD-RE-30013-001,"00032","2020/04/25 11:30:00","01:31:08","71","テレビ東京１","出川・ＩＫＫＯ・みやぞんの割り込んでいいですか？[字]"
536,BD-RE-30013-001,"00033","2020/04/25 16:30:00","00:30:07","51","テレビ朝日","クレヨンしんちゃん　【家の中で楽しむゾスペシャル！！】[デ][字]"
537,BD-RE-30013-001,"00034","2020/04/25 17:00:00","00:30:07","51","テレビ朝日","ドラえもん　【気球で世界一周！？】【大ピンチ！スネ夫の答案】[デ][字]"
538,BD-RE-30013-001,"00035","2020/04/25 17:15:00","00:05:07","71","テレビ東京１","モノイズム[字]"
539,BD-RE-30013-001,"00036","2020/04/25 18:00:00","00:29:46","71","テレビ東京１","知られざるガリバー～エクセレントカンパニーファイル～[字]"
540,BD-RE-30013-001,"00037","2020/04/25 18:00:00","00:29:49","41","日テレ１","名探偵コナン「太閤恋する名人戦（後編）」[解][字][デ]"
541,BD-RE-30013-001,"00038","2020/04/25 18:00:00","00:29:52","51","テレビ朝日","人生の楽園　アメリカ人陶芸家のカフェ～埼玉・入間市[字]"
542,BD-RE-30013-001,"00039","2020/04/25 18:30:00","02:23:45","71","テレビ東京１","出川哲朗の充電させてもらえませんか？絶景の鎌倉からゴールは成田山SP[字]"
543,BD-RE-30013-001,"00040","2020/04/25 18:30:00","00:29:45","41","日テレ１","満天☆青空レストラン【生産者さん応援SP近畿地方編▽絶品「お取り寄せ」続々】[字]"
544,BD-RE-30013-001,"00041","2020/04/25 19:00:00","01:54:06","41","日テレ１","世界一受けたい授業ストレス解消ＳＰ[字]フィッシャーズ＆大阪桐蔭吹奏楽＆加藤シゲアキ"
545,BD-RE-30013-001,"00042","2020/04/25 21:00:00","00:53:46","61","ＴＢＳ１","世界ふしぎ発見！世界遺産を愛するＭＹＳＴＥＲＹ　ＨＵＮＴＥＲ　絶景・遺跡大冒険[解]"
546,BD-RE-30013-001,"00043","2020/04/25 21:54:00","00:05:46","71","テレビ東京１","土曜名馬座 ▽仲村トオル[字]"
547,BD-RE-30013-001,"00044","2020/04/25 21:54:00","00:05:49","41","日テレ１","ココロ通う街角[字]"
548,BD-RE-30013-001,"00045","2020/04/25 22:00:00","00:30:07","71","テレビ東京１","新美の巨人たち 徳川家の野望が生んだ美しき名城『二条城』×シシド・カフカ（後）[字]"
549,BD-RE-30013-001,"00046","2020/04/26 07:00:00","00:30:06","71","テレビ東京１","パウ・パトロール[字][二]"
550,BD-RE-30013-001,"00047","2020/04/26 07:30:00","00:30:07","71","テレビ東京１","ディズニー・サンデー ラプンツェル ザ・シリーズ[字]"
551,BD-RE-30013-001,"00048","2020/04/26 08:30:00","00:29:46","71","テレビ東京１","デュエル・マスターズ キング「詐欺にドキドキング！モモダチ探偵団出動せよぉ！」[字]"
552,BD-RE-30013-001,"00049","2020/04/26 08:30:00","00:29:49","51","テレビ朝日","ヒーリングっどプリキュア　おさらいセレクション　第１話　変身キュアグレース[デ][字]"
553,BD-RE-30014-001,"00001","2020/04/26 09:00:00","00:29:49","51","テレビ朝日","仮面ライダーゼロワン[デ][字]"
554,BD-RE-30014-001,"00002","2020/04/26 09:00:00","00:29:52","81","フジテレビ","ゲゲゲの鬼太郎【スペシャルセレクション！！／妖怪が目覚めた日】　＃０１[再][字][解]"
555,BD-RE-30014-001,"00003","2020/04/26 09:30:00","00:29:46","71","テレビ東京１","トミカ絆合体 アースグランナー「タイプチェンジ！エアロトルネードトミカ！」[字]"
556,BD-RE-30014-001,"00004","2020/04/26 09:30:00","00:30:09","81","フジテレビ","ワンピース【ワノ国！桜舞うサムライの国へ／ワノ国編ＳＰアンコール】[再][字][解][デ]"
557,BD-RE-30014-001,"00005","2020/04/26 10:30:00","00:30:07","71","テレビ東京１","ミュークルドリーミー「もう一人のドリーミーメイト？」[字]"
558,BD-RE-30014-001,"00006","2020/04/26 11:15:00","00:30:09","81","フジテレビ","ミライ☆モンスター[字]"
559,BD-RE-30014-001,"00007","2020/04/26 11:25:00","00:30:07","71","テレビ東京１","男子ごはん 料理の基本をおさらい！本格的なのに簡単！パスタ３種を伝授[字][デ]"
560,BD-RE-30014-001,"00008","2020/04/26 12:45:00","00:30:07","41","日テレ１","第７キングダム 霜降りハナコＥＸＩＴ３時のヒロイン…第７世代の笑いの王国[字]"
561,BD-RE-30014-001,"00009","2020/04/26 18:00:00","00:29:46","61","ＴＢＳ１","世界遺産「200年前に発見！幻の古代都市」[解][字]"
562,BD-RE-30014-001,"00010","2020/04/26 18:00:00","00:30:10","51","テレビ朝日","相葉マナブ　『包丁王子 寿司処相葉亭開店！シーズン３』今週もゲストと大盛上り！[字]"
563,BD-RE-30014-001,"00011","2020/04/26 18:00:00","00:30:07","71","テレビ東京１","ポケットモンスター[再][字]"
564,BD-RE-30014-001,"00012","2020/04/26 18:30:00","01:28:08","51","テレビ朝日","ナニコレ珍百景　傘をさすアザラシ＆生肉の漬物を食べる集落＆崖と一体化した廃墟SP[字]"
565,BD-RE-30014-001,"00013","2020/04/26 19:00:00","02:53:46","41","日テレ１","明石家さんまの転職ＤＥ天職[字]さんま画商に転職…天才画家を発掘！菅田将暉の絵も公開"
566,BD-RE-30014-001,"00014","2020/04/26 20:00:00","01:53:52","81","フジテレビ","日曜ＴＨＥリアル！・緊急追跡！新型コロナ　未知なる敵を知るＳＰ[字]"
567,BD-RE-30014-001,"00015","2020/04/26 21:57:00","00:03:07","41","日テレ１","夢の通り道[字]"
568,BD-RE-30014-001,"00016","2020/04/27 07:35:00","00:25:06","71","テレビ東京１","シナぷしゅ[字][解]"
569,BD-RE-30014-001,"00017","2020/04/27 08:00:00","00:15:06","71","テレビ東京１","ハーフタイムツアーズ[字]"
570,BD-RE-30014-001,"00018","2020/04/27 17:55:00","00:30:07","71","テレビ東京１","ファンファンキティ！[字]"
571,BD-RE-30014-001,"00019","2020/04/27 19:00:00","02:47:45","51","テレビ朝日","禁断企画！国民１０万人がガチ投票！　日本人が本当に好きな戦国武将総選挙[字]"
572,BD-RE-30014-001,"00020","2020/04/27 21:54:00","00:05:46","71","テレビ東京１","東京ＧＯＯＤ！【江戸城を守る石垣の残る街 赤坂】[字]"
573,BD-RE-30014-001,"00021","2020/04/27 21:54:00","00:06:09","81","フジテレビ","四季彩キッチン[字]"
574,BD-RE-30014-001,"00022","2020/04/27 22:54:00","00:06:07","71","テレビ東京１","夢遺産[字]"
575,BD-RE-30014-001,"00023","2020/04/27 23:56:00","00:59:09","61","ＴＢＳ１","カンナさーん！一挙放送ＳＰ　第１話【渡辺直美がドラマ主演にマジ挑戦！】[字]"
576,BD-RE-30014-001,"00024","2020/04/28 00:15:00","00:05:08","51","テレビ朝日","フィンク１分フィット[字]"
577,BD-RE-30014-001,"00025","2020/04/28 00:59:00","00:30:06","41","日テレ１","正しいロックバンドの作り方＃02"
578,BD-RE-30014-001,"00026","2020/04/28 01:20:00","00:06:08","51","テレビ朝日","全力坂"
579,BD-RE-30014-001,"00027","2020/04/28 01:30:00","00:30:07","71","テレビ東京１","フルーツバスケット ２ｎｄ ｓｅａｓｏｎ「ふられたんだぁ・・・・・」"
580,BD-RE-30014-001,"00028","2020/04/28 07:35:00","00:25:08","71","テレビ東京１","シナぷしゅ[字][解]"
581,BD-RE-30014-001,"00029","2020/04/28 08:00:00","00:15:07","71","テレビ東京１","ハーフタイムツアーズ[字]"
582,BD-RE-30014-001,"00030","2020/04/28 17:55:00","00:30:07","71","テレビ東京１","シャドウバース[字][デ]"
583,BD-RE-30014-001,"00031","2020/04/28 18:25:00","00:30:07","71","テレビ東京１","ブラッククローバー ＃132「目覚める獅子」[字]"
584,BD-RE-30014-001,"00032","2020/04/28 18:55:00","01:58:47","71","テレビ東京１","火曜エンタ 激録・警察密着２４時！！～２０２０春 衝撃事件簿SP～[字]"
585,BD-RE-30014-001,"00033","2020/04/28 20:00:00","00:54:11","61","ＴＢＳ１","教えてもらう前と後【日本全国メガ盛り４選★家で作るキャンプ飯★勘違い脂とは】[字]"
586,BD-RE-30014-001,"00034","2020/04/28 21:54:00","00:06:07","71","テレビ東京１","東京交差点【生地デザイン】[字]"
587,BD-RE-30014-001,"00035","2020/04/28 22:00:00","00:53:46","71","テレビ東京１","ガイアの夜明け【日本が今 中国から学ぶこと】[字]"
588,BD-RE-30014-001,"00036","2020/04/28 22:57:00","00:03:09","61","ＴＢＳ１","サステナブる[解][字]"
589,BD-RE-30014-001,"00037","2020/04/29 01:25:00","00:29:46","81","フジテレビ","パパ活＜Ｔナイト＞　＃０４[再]"
590,BD-RE-30014-001,"00038","2020/04/29 01:28:00","00:30:09","61","ＴＢＳ１","映像研には手を出すな！第肆話【齋藤飛鳥×山下美月×梅澤美波★ドラマイズム】[解][字]"
591,BD-RE-30014-001,"00039","2020/04/29 07:35:00","00:25:07","71","テレビ東京１","シナぷしゅ[字][解]"
592,BD-RE-30014-001,"00040","2020/04/29 08:00:00","00:15:06","71","テレビ東京１","ハーフタイムツアーズ[字]"
593,BD-RE-30014-001,"00041","2020/04/29 13:00:00","00:55:07","71","テレビ東京１","赤い袋のヒミツとは？[字]"
594,BD-RE-30015-001,"00001","2020/04/29 18:25:00","03:35:07","71","テレビ東京１","ウソかホントかわからない やりすぎ都市伝説SP 2020 春[字]"
595,BD-RE-30015-001,"00002","2020/04/29 22:54:00","00:06:07","71","テレビ東京１","チェンジ・ザ・ワールド「獲った魚を無駄なく頂く」[字]"
596,BD-RE-30015-001,"00003","2020/04/29 23:10:00","00:05:08","51","テレビ朝日","ラリージャパン応援宣言[字]"
597,BD-RE-30015-001,"00004","2020/04/29 23:15:00","01:00:08","51","テレビ朝日","家事ヤロウ！！！　バカリ＆中丸＆カズが反響の大きかった家事をエゴサーチ！[字]"
598,BD-RE-30015-001,"00005","2020/04/29 23:56:00","00:59:08","61","ＴＢＳ１","カンナさーん！一挙放送ＳＰ　第３話　【夫の恋人と対決…女同志の火花が散る！】[字]"
599,BD-RE-30015-001,"00006","2020/04/30 00:52:00","00:05:46","71","テレビ東京１","ミニドラマ きょうの猫村さん 主演：松重豊[字]"
600,BD-RE-30015-001,"00007","2020/04/30 07:35:00","00:25:07","71","テレビ東京１","シナぷしゅ[字][解]"
601,BD-RE-30015-001,"00008","2020/04/30 08:00:00","00:15:07","71","テレビ東京１","ハーフタイムツアーズ[字]"
602,BD-RE-30015-001,"00009","2020/04/30 17:55:00","00:30:06","71","テレビ東京１","プリスクタイム（エッグカー／ＧＯ！ＧＯ！アトム）[字]"
603,BD-RE-30015-001,"00010","2020/04/30 19:00:00","00:59:46","51","テレビ朝日","日本人の３割しか知らないこと　くりぃむしちゅーのハナタカ！優越館[字]"
604,BD-RE-30015-001,"00011","2020/04/30 19:53:00","00:04:46","71","テレビ東京１","テレビ野郎ナナーナ 怪物クラーケンを追え！ 第３話 健康！やる気のない勇者たち[字]"
605,BD-RE-30015-001,"00012","2020/04/30 19:57:00","01:02:46","81","フジテレビ","奇跡体験！アンビリバボー【疑惑の殺人事件に協力を依頼したのは大量殺人鬼！】[字]"
606,BD-RE-30015-001,"00013","2020/04/30 19:58:00","01:50:06","71","テレビ東京１","主治医が見つかる診療所【おうちでできる！超カンタン代謝アップ法ＳＰ】[字]"
607,BD-RE-30015-001,"00014","2020/04/30 21:54:00","00:06:06","71","テレビ東京１","アイデアの方程式[字]"
608,BD-RE-30015-001,"00015","2020/04/30 22:00:00","00:54:06","71","テレビ東京１","カンブリア宮殿【コロナ＆外食不況に負けない！出前代行ビジネスのフロンティア】[字]"
609,BD-RE-30015-001,"00016","2020/04/30 22:54:00","00:06:06","71","テレビ東京１","探究の階段[字]"
610,BD-RE-30015-001,"00017","2020/04/30 23:56:00","00:59:08","61","ＴＢＳ１","カンナさーん！一挙放送ＳＰ第４話【年上イケメンと運命の出会い！三角関係ぼっ発】[字]"
611,BD-RE-30015-001,"00018","2020/05/01 01:00:00","00:30:06","71","テレビ東京１","木ドラ２５ 新米姉妹のふたりごはん[再] ３品目 ネギソーセージ"
612,BD-RE-30015-001,"00019","2020/05/01 03:35:00","00:15:07","71","テレビ東京１","一夜づけ【フルーツバスケット２】"
613,BD-RE-30015-001,"00020","2020/05/01 07:35:00","00:25:07","71","テレビ東京１","シナぷしゅ[字][解]"
614,BD-RE-30015-001,"00021","2020/05/01 08:00:00","00:15:07","71","テレビ東京１","ハーフタイムツアーズ[字]"
615,BD-RE-30015-001,"00022","2020/05/01 17:10:00","00:20:07","71","テレビ東京１","虎ノ門市場 日本全国の食文化をお伝えします！[字]"
616,BD-RE-30015-001,"00023","2020/05/01 17:55:00","00:30:07","71","テレビ東京１","ゾイドワイルド ＺＥＲＯ「暗黒の破壊要塞、覚醒！」[字]"
617,BD-RE-30015-001,"00024","2020/05/01 18:25:00","00:30:07","71","テレビ東京１","妖怪ウォッチＪａｍ 妖怪学園Ｙ～Ｎとの遭遇～[再]「第一話」[字]"
618,BD-RE-30015-001,"00025","2020/05/01 18:55:00","01:00:46","71","テレビ東京１","デカ盛りハンター[字]"
619,BD-RE-30015-001,"00026","2020/05/01 19:56:00","00:03:49","71","テレビ東京１","インテリア日和[字]"
620,BD-RE-30015-001,"00027","2020/05/01 20:00:00","00:54:08","51","テレビ朝日","マツコ＆有吉　かりそめ天国【四千頭身・後藤ファミリー密着の歴史ＳＰ】[字]"
621,BD-RE-30015-001,"00028","2020/05/01 20:54:00","01:54:07","71","テレビ東京１","所さんのそこんトコロＳＰ【開かずの金庫＆超貴重！東海道で家康の本物の手形】[字]"
622,BD-RE-30015-001,"00029","2020/05/01 21:00:00","00:54:08","51","テレビ朝日","ミュージックステーション　星野源・FoorinからSPコメント▽今踊りたい曲１発表[字]"
623,BD-RE-30015-001,"00030","2020/05/01 22:54:00","00:05:46","71","テレビ東京１","未来レンズ[再][字]"
624,BD-RE-30015-001,"00031","2020/05/01 22:54:00","00:06:09","61","ＴＢＳ１","スマイルすきっぷ～明日の元気をフルチャージ！～[解][字]"
625,BD-RE-30015-001,"00032","2020/05/02 00:12:00","00:40:07","71","テレビ東京１","ドラマ24「浦安鉄筋家族」4発目 ダメ教師が遭難！？炎のカンフー対決[字]"
626,BD-RE-30015-001,"00033","2020/05/02 00:20:00","01:00:08","61","ＴＢＳ１","カンナさーん！一挙放送ＳＰ　第５話【恋の急展開！年上紳士の猛アプローチ】[字]"
627,BD-RE-30015-001,"00034","2020/05/02 00:52:00","00:31:06","71","テレビ東京１","ドラマ２５ 捨ててよ、安達さん。 第３話[字]"
628,BD-RE-30015-001,"00035","2020/05/02 01:53:00","00:30:07","71","テレビ東京１","流派－Ｒ since2001"
629,BD-RE-30015-001,"00036","2020/05/02 05:30:31","00:19:30","51","テレビ朝日","日本のチカラ[字]"
630,BD-RE-30015-001,"00037","2020/05/02 07:30:00","00:30:07","71","テレビ東京１","遊戯王ＳＥＶＥＮＳ（セブンス）「ルーク、男の闘い」[字]"
631,BD-RE-30015-001,"00038","2020/05/02 08:00:00","00:30:07","71","テレビ東京１","ヴァンガード ベストセレクション 第１５話「ハラハラ！？エミの初ファイト」[字]"
632,BD-RE-30015-001,"00039","2020/05/02 09:30:00","00:24:46","51","テレビ朝日","食彩の王国[字]"
633,BD-RE-30015-001,"00040","2020/05/02 09:30:00","00:29:45","71","テレビ東京１","パズドラ[再]「お風呂でアッチッチ！」[字]"
634,BD-RE-30015-001,"00041","2020/05/02 10:00:00","00:30:07","71","テレビ東京１","シャドウバース[再][字]"
635,BD-RE-30016-001,"00001","2020/05/02 10:00:00","00:30:09","51","テレビ朝日","題名のない音楽会[字]"
636,BD-RE-30016-001,"00002","2020/05/02 10:30:00","00:55:07","41","日テレ１","教科書で学べないニッポンの超難問 直前ＳＰ[字]"
637,BD-RE-30016-001,"00003","2020/05/02 11:30:00","02:29:06","71","テレビ東京１","沿線ひたすら歩き旅 品川～横浜＆常磐線▽今夜6：30は秘境グルメ＆絶景SP[字]"
638,BD-RE-30016-001,"00004","2020/05/02 11:40:00","00:05:07","51","テレビ朝日","日本全国　ごちそう散歩[字]"
639,BD-RE-30016-001,"00005","2020/05/02 13:30:00","02:30:06","51","テレビ朝日","法医学教室の事件ファイル４０[字][再]"
640,BD-RE-30016-001,"00006","2020/05/02 13:59:00","00:26:06","71","テレビ東京１","「池上彰×松井秀喜 ｉｎ キューバ」オススメ[字]"
641,BD-RE-30016-001,"00007","2020/05/02 14:30:00","00:30:07","81","フジテレビ","チャギントン１０周年スペシャル[字][二]"
642,BD-RE-30016-001,"00008","2020/05/02 16:00:00","00:30:06","51","テレビ朝日","裸の少年　～見破れうそつき３～[字]"
643,BD-RE-30016-001,"00009","2020/05/02 16:30:00","00:30:06","51","テレビ朝日","クレヨンしんちゃん　【オラの父ちゃんは世界一スペシャル】[デ][字]"
644,BD-RE-30016-001,"00010","2020/05/02 17:00:00","00:30:06","51","テレビ朝日","ドラえもん　【メモリーローン】【おれさまをグレードアップ】[デ][字]"
645,BD-RE-30016-001,"00011","2020/05/02 18:00:00","00:29:46","71","テレビ東京１","知られざるガリバー～エクセレントカンパニーファイル～[字]"
646,BD-RE-30016-001,"00012","2020/05/02 18:00:00","00:29:49","51","テレビ朝日","人生の楽園　サービス満点パン屋さん～茨城・つくば市[字]"
647,BD-RE-30016-001,"00013","2020/05/02 18:00:00","00:30:06","41","日テレ１","名探偵コナン「高木刑事３千万拾う」[解][字][デ]"
648,BD-RE-30016-001,"00014","2020/05/02 18:30:00","00:30:06","41","日テレ１","満天☆青空レストラン[字]【生産者さん応援SP関東編▽絶品「お取り寄せ」続々】"
649,BD-RE-30016-001,"00015","2020/05/02 19:56:00","00:57:46","41","日テレ１","世界一受けたい授業[字][デ]所ジョージ先生登場！"
650,BD-RE-30016-001,"00016","2020/05/02 20:54:00","00:06:09","71","テレビ東京１","生きるを伝える[字]"
651,BD-RE-30016-001,"00017","2020/05/02 21:54:00","00:05:46","41","日テレ１","ココロ通う街角[字]"
652,BD-RE-30016-001,"00018","2020/05/02 21:54:00","00:06:06","71","テレビ東京１","土曜名馬座 ▽仲村トオル[字]"
653,BD-RE-30016-001,"00019","2020/05/02 22:00:00","00:30:07","71","テレビ東京１","新美の巨人たち 伊藤博文も愛した豪華洋館『長楽館』×アンガールズ田中卓志[字]"
654,BD-RE-30016-001,"00020","2020/05/02 23:00:00","00:30:07","41","日テレ１","マツコ会議[字]マツコを圧倒したアノ人の豪邸訪問SP！1億円超の10LDK豪邸…"
655,BD-RE-30016-001,"00021","2020/05/03 03:15:00","01:45:08","71","テレビ東京１","サタ☆シネ「ツイスター」すべてを飲み込む巨大竜巻の脅威を大迫力映像で再現！[映][二]"
656,BD-RE-30016-001,"00022","2020/05/03 06:30:00","00:30:06","41","日テレ１","遠くへ行きたい「海へ！山へ！前川泰之が千葉・外房の“穴場”探し」[解][字]"
657,BD-RE-30016-001,"00023","2020/05/03 07:00:00","00:30:09","81","フジテレビ","ボクらの時代[字]"
658,BD-RE-30016-001,"00024","2020/05/03 07:00:00","00:30:06","41","日テレ１","所さんの目がテン！[字]桝アナと生き物の不思議を学ぶ！"
659,BD-RE-30016-001,"00025","2020/05/03 07:30:00","00:30:07","71","テレビ東京１","ディズニー・サンデー ラプンツェル ザ・シリーズ[字]"
660,BD-RE-30016-001,"00026","2020/05/03 08:30:00","00:29:46","71","テレビ東京１","デュエル・マスターズ キング[再]「いきなりショッキング！鬼が街に降ってきたぁ！」[字]"
661,BD-RE-30016-001,"00027","2020/05/03 08:30:00","00:29:49","51","テレビ朝日","ヒーリングっどプリキュア　おさらいセレクション　第２話 パートナー解消[デ][字]"
662,BD-RE-30016-001,"00028","2020/05/03 09:00:00","00:29:46","51","テレビ朝日","仮面ライダーゼロワン[デ][字]"
663,BD-RE-30016-001,"00029","2020/05/03 09:00:00","00:29:49","81","フジテレビ","ゲゲゲの鬼太郎【スペシャルセレクション！／戦慄！見上げ入道】　＃０２[再][字][解]"
664,BD-RE-30016-001,"00030","2020/05/03 09:30:00","00:29:46","51","テレビ朝日","魔進戦隊キラメイジャー[デ][字]"
665,BD-RE-30016-001,"00031","2020/05/03 09:30:00","00:29:49","81","フジテレビ","ワンピース【お玉登場　ルフィＶＳカイドウ軍！】[再][字][解][デ]"
666,BD-RE-30016-001,"00032","2020/05/03 09:30:00","00:30:06","71","テレビ東京１","トミカ絆合体 アースグランナー「燃えろ！ターボファイヤートミカ！」[字]"
667,BD-RE-30016-001,"00033","2020/05/03 10:00:00","01:45:08","51","テレビ朝日","千鳥の路地裏探訪　傑作選　銀座＆勝どき[字]"
668,BD-RE-30016-001,"00034","2020/05/03 10:30:00","00:30:07","71","テレビ東京１","ミュークルドリーミー[再][字]"
669,BD-RE-30016-001,"00035","2020/05/03 11:25:00","00:30:06","71","テレビ東京１","男子ごはん 大人も子供も楽しめる！ホットプレートレシピ４品[字][デ]"
670,BD-RE-30016-001,"00036","2020/05/03 12:45:00","00:30:06","41","日テレ１","第７キングダム 霜降りハナコＥＸＩＴ３時のヒロイン…第７世代の笑いの王国[字]"
671,BD-RE-30016-001,"00037","2020/05/03 13:54:00","00:03:08","61","ＴＢＳ１","四季折々の贈り物　～鯉のぼり～[解][字]"
672,BD-RE-30016-001,"00038","2020/05/03 14:00:00","02:00:07","71","テレビ東京１","日曜ミステリー『信濃のコロンボ 事件ファイル17 遠野殺人事件』[再][字][解]"
673,BD-RE-30016-001,"00039","2020/05/03 17:00:00","00:30:08","61","ＴＢＳ１","所さんお届けモノです！【心揺さぶる日本の絶景ベスト５＆絶品(秘)お取り寄せ】[解][字]"
674,BD-RE-30017-001,"00001","2020/05/06 01:20:00","00:06:08","51","テレビ朝日","全力坂"
675,BD-RE-30017-001,"00002","2020/05/06 07:35:00","00:25:07","71","テレビ東京１","シナぷしゅ[字][解]"
676,BD-RE-30017-001,"00003","2020/05/06 08:00:00","00:15:07","71","テレビ東京１","ハーフタイムツアーズ[字]"
677,BD-RE-30017-001,"00004","2020/05/06 10:05:00","00:55:08","71","テレビ東京１","突撃！隣のスゴイ家【３代続く大地主！超豪華3000坪の高級旅館な豪邸】[字]"
678,BD-RE-30017-001,"00005","2020/05/06 17:10:00","00:20:07","71","テレビ東京１","虎ノ門市場 日本全国の食文化をお伝えします！[字]"
679,BD-RE-30017-001,"00006","2020/05/06 18:25:00","02:34:47","71","テレビ東京１","ソレダメ！免疫力ＵＰ～買いおき肉が高級肉に名店ワザで格上げＳＰ～[字]"
680,BD-RE-30017-001,"00007","2020/05/06 19:00:00","01:59:50","81","フジテレビ","世界の何だコレ！？ミステリー　ＳＰ【本能寺の変の謎／ＭＣ＆隊員とクイズ企画！】[字]"
681,BD-RE-30017-001,"00008","2020/05/06 20:54:00","00:06:07","51","テレビ朝日","世界の街道をゆく[字]"
682,BD-RE-30017-001,"00009","2020/05/06 21:00:00","00:54:08","51","テレビ朝日","特捜９　傑作選[解][字]"
683,BD-RE-30017-001,"00010","2020/05/09 21:54:00","00:05:49","71","テレビ東京１","土曜名馬座 ▽仲村トオル[字]"
684,BD-RE-30017-001,"00011","2020/05/13 18:25:00","04:29:08","71","テレビ東京１","家、ついて行ってイイですか？～特別編！「今」その後が気になる人ＳＰ[字]"
685,BD-RE-30017-001,"00012","2020/05/13 22:00:00","00:59:46","41","日テレ１","春子の物語 ハケンの品格２００７特別編 第五夜[字]"
686,BD-RE-30017-001,"00013","2020/05/13 22:54:00","00:06:06","71","テレビ東京１","チェンジ・ザ・ワールド「目の不自由な人のためのネイル」[字]"
687,BD-RE-30017-001,"00014","2020/05/13 23:10:00","00:05:07","51","テレビ朝日","ラリージャパン応援宣言[字]"
688,BD-RE-30017-001,"00015","2020/05/13 23:56:00","00:58:46","61","ＴＢＳ１","テセウスの船ネタバレＳＰ　第三話【決死の告白！殺人犯になる父へ―】[字]"
689,BD-RE-30017-001,"00016","2020/05/14 00:12:00","00:39:46","71","テレビ東京１","ドラマホリック！ レンタルなんもしない人 第６話 新米ママの奮闘 増田貴久[字]"
690,BD-RE-30017-001,"00017","2020/05/14 00:45:00","00:04:46","51","テレビ朝日","フィンク１分フィット[字]"
691,BD-RE-30017-001,"00018","2020/05/14 00:52:00","00:05:46","71","テレビ東京１","ミニドラマ きょうの猫村さん 主演：松重豊[字]"
692,BD-RE-30017-001,"00019","2020/05/14 00:55:00","00:30:07","81","フジテレビ","ＢＮＡ＜＋Ｕｌｔｒａ＞　＃０６"
693,BD-RE-30017-001,"00020","2020/05/14 01:20:00","00:06:06","51","テレビ朝日","全力坂"
694,BD-RE-30017-001,"00021","2020/05/14 05:46:30","01:18:31","71","テレビ東京１","モーサテ【決算後の株式相場 投資のポイントは？】"
695,BD-RE-30017-001,"00022","2020/05/14 07:35:00","00:25:07","71","テレビ東京１","シナぷしゅ[字][解]"
696,BD-RE-30017-001,"00023","2020/05/14 08:00:00","00:15:06","71","テレビ東京１","ハーフタイムツアーズ[字]"
697,BD-RE-30017-001,"00024","2020/05/14 08:15:00","00:56:07","71","テレビ東京１","韓流プレミア マイ・ヒーリング・ラブ～あした輝く私へ～ ＃１９[二]"
698,BD-RE-30017-001,"00025","2020/05/14 17:10:00","00:20:07","71","テレビ東京１","虎ノ門市場 日本全国の食文化をお伝えします！[字]"
699,BD-RE-30017-001,"00026","2020/05/14 17:55:00","00:30:07","71","テレビ東京１","プリスクタイム（エッグカー／ＧＯ！ＧＯ！アトム）[字]"
700,BD-RE-30017-001,"00027","2020/05/14 19:00:00","00:59:46","51","テレビ朝日","日本人の３割しか知らないこと　くりぃむしちゅーのハナタカ！優越館[字]"
701,BD-RE-30017-001,"00028","2020/05/14 19:00:00","00:56:07","41","日テレ１","突破ファイル【向井理も衝撃…不思議な症状の謎を解け！人体ミステリー＆突破交番】[字]"
702,BD-RE-30017-001,"00029","2020/05/14 19:53:00","00:04:46","71","テレビ東京１","テレビ野郎ナナーナ 怪物クラーケンを追え！ 第５話～死守！ゴールデンのミニ枠～[字]"
703,BD-RE-30017-001,"00030","2020/05/14 19:57:00","01:02:46","81","フジテレビ","奇跡体験！アンビリバボー【監察医・上野正彦の事件簿】[字]"
704,BD-RE-30017-001,"00031","2020/05/14 19:58:00","01:50:07","71","テレビ東京１","ナゼそこ？ スゴイ秘境に住んでる人知りませんか＆東京の秘境で大発見２時間SP[字]"
705,BD-RE-30017-001,"00032","2020/05/14 20:00:00","00:53:46","51","テレビ朝日","警視庁・捜査一課長　２０２０　＃６[解][字]"
706,BD-RE-30017-001,"00033","2020/05/14 20:54:00","00:06:08","51","テレビ朝日","世界の街道をゆく[字]"
707,BD-RE-30017-001,"00034","2020/05/14 21:00:00","00:53:47","51","テレビ朝日","ＢＧ～身辺警護人～傑作選　＃５[字]"
708,BD-RE-30018-001,"00001","2020/05/03 13:54:00","00:03:08","61","ＴＢＳ１","四季折々の贈り物　～鯉のぼり～[解][字]"
709,BD-RE-30018-001,"00002","2020/05/03 14:00:00","02:00:07","71","テレビ東京１","日曜ミステリー『信濃のコロンボ 事件ファイル17 遠野殺人事件』[再][字][解]"
710,BD-RE-30018-001,"00003","2020/05/03 17:00:00","00:30:08","61","ＴＢＳ１","所さんお届けモノです！【心揺さぶる日本の絶景ベスト５＆絶品(秘)お取り寄せ】[解][字]"
711,BD-RE-30018-001,"00004","2020/05/03 18:00:00","00:30:10","51","テレビ朝日","相葉マナブ　『第９回　釜－１グランプリ！』視聴者の方々からの絶品釜飯に大興奮！[字]"
712,BD-RE-30018-001,"00005","2020/05/03 18:00:00","00:30:07","71","テレビ東京１","ポケットモンスター[再][字]"
713,BD-RE-30018-001,"00006","2020/05/03 18:00:00","01:59:46","61","ＴＢＳ１","動物スクープ１００連発【おウチで笑える！おバカで激カワ犬猫＆コロナ対策(秘)動物】[字]"
714,BD-RE-30018-001,"00007","2020/05/03 19:00:00","00:57:46","41","日テレ１","ザ！鉄腕！ＤＡＳＨ！！[字]  【グリル厄介～現地報告スペシャル】"
715,BD-RE-30018-001,"00008","2020/05/03 19:54:00","01:59:47","71","テレビ東京１","日曜ビッグ「池上彰の人類ＶＳ新型コロナ」緊急生解説[字]"
716,BD-RE-30018-001,"00009","2020/05/03 21:54:00","00:05:46","61","ＴＢＳ１","私の翼たち[解][字]"
717,BD-RE-30018-001,"00010","2020/05/03 21:54:00","00:06:07","41","日テレ１","夢の通り道[字]"
718,BD-RE-30018-001,"00011","2020/05/03 23:00:00","00:30:09","61","ＴＢＳ１","情熱大陸【近藤文夫／天ぷらに向きあって、５０年。この味を絶やしてなるものか！】[字]"
719,BD-RE-30018-001,"00012","2020/05/04 01:35:00","00:30:07","71","テレビ東京１","四月一日さん家と 第５話「四月一日さん家といたこ」"
720,BD-RE-30018-001,"00013","2020/05/04 01:55:00","01:05:08","81","フジテレビ","グラジオラスの轍傑作選＜サンデーＭＩＤＮＩＧＨＴ＞【白井健三・友と過ごした日々】"
721,BD-RE-30018-001,"00014","2020/05/04 03:05:00","00:05:07","71","テレビ東京１","フォーカード[再] 第１８話「驚異の変貌！高田センパイ第二形態へ」"
722,BD-RE-30018-001,"00015","2020/05/04 07:35:00","00:25:08","71","テレビ東京１","シナぷしゅ[字][解]"
723,BD-RE-30018-001,"00016","2020/05/04 08:00:00","00:15:07","71","テレビ東京１","ハーフタイムツアーズ[字]"
724,BD-RE-30018-001,"00017","2020/05/04 13:15:00","02:40:07","71","テレビ東京１","午後エンタ ローカル路線バス乗り継ぎの旅Ｚ[再] 山梨富士山～栃木那須岳！[字]"
725,BD-RE-30018-001,"00018","2020/05/04 17:10:00","00:20:08","71","テレビ東京１","虎ノ門市場 日本全国の食文化をお伝えします！[字]"
726,BD-RE-30018-001,"00019","2020/05/04 17:55:00","00:30:07","71","テレビ東京１","ファンファンキティ！[字]"
727,BD-RE-30018-001,"00020","2020/05/04 21:54:00","00:05:46","71","テレビ東京１","東京ＧＯＯＤ！【地名の由来を読み解く 溜池山王】[字]"
728,BD-RE-30018-001,"00021","2020/05/04 21:54:00","00:06:08","81","フジテレビ","四季彩キッチン[字]"
729,BD-RE-30018-001,"00022","2020/05/04 22:00:00","00:54:08","81","フジテレビ","所ＪＡＰＡＮ【簡単お家で作れる本格スパイスカレー＆第３のカレーの街(秘)白カレー】[字]"
730,BD-RE-30018-001,"00023","2020/05/04 22:54:00","00:06:06","71","テレビ東京１","夢遺産[字]"
731,BD-RE-30018-001,"00024","2020/05/04 23:56:00","00:59:08","61","ＴＢＳ１","カンナさーん！一挙放送ＳＰ　第６話【新たな恋実る…と思いきやダメ夫の反撃！】[字]"
732,BD-RE-30018-001,"00025","2020/05/05 00:45:00","00:05:07","51","テレビ朝日","フィンク１分フィット[字]"
733,BD-RE-30018-001,"00026","2020/05/05 01:09:00","00:30:06","41","日テレ１","正しいロックバンドの作り方＃03"
734,BD-RE-30018-001,"00027","2020/05/05 01:20:00","00:06:07","51","テレビ朝日","全力坂"
735,BD-RE-30018-001,"00028","2020/05/05 01:30:00","00:30:06","71","テレビ東京１","フルーツバスケット ２ｎｄ ｓｅａｓｏｎ「待ってろとろろソバー！」"
736,BD-RE-30018-001,"00029","2020/05/05 03:20:00","00:15:07","71","テレビ東京１","家、ついて行ってイイですか？（明け方）"
737,BD-RE-30018-001,"00030","2020/05/05 07:35:00","00:25:07","71","テレビ東京１","シナぷしゅ[字][解]"
738,BD-RE-30018-001,"00031","2020/05/05 08:00:00","00:15:07","71","テレビ東京１","ハーフタイムツアーズ[字]"
739,BD-RE-30018-001,"00032","2020/05/05 09:11:00","00:54:08","71","テレビ東京１","未来の主役 地球の子どもたち 2020スペシャル～世界を変える小さな戦士～[字]"
740,BD-RE-30018-001,"00033","2020/05/05 13:49:00","01:54:08","51","テレビ朝日","人類学者・岬久美子の殺人鑑定７[解][字][再]"
741,BD-RE-30018-001,"00034","2020/05/05 17:10:00","00:20:08","71","テレビ東京１","虎ノ門市場 日本全国の食文化をお伝えします！[字]"
742,BD-RE-30018-001,"00035","2020/05/05 17:55:00","00:30:07","71","テレビ東京１","シャドウバース[字][デ]"
743,BD-RE-30018-001,"00036","2020/05/05 18:25:00","00:30:07","71","テレビ東京１","ブラッククローバー[再] ＃１「アスタとユノ」[字]"
744,BD-RE-30018-001,"00037","2020/05/05 20:54:00","00:06:07","41","日テレ１","ゴールデンまなびウィーク！塾長・所ジョージのこんな「新しいチカラ」が欲しい！[字]"
745,BD-RE-30018-001,"00038","2020/05/05 20:57:00","01:02:46","61","ＴＢＳ１","マツコの知らない世界[字]【風間俊介が再び熱弁！東京ディズニーリゾートの世界！】"
746,BD-RE-30018-001,"00039","2020/05/05 21:54:00","00:06:07","71","テレビ東京１","東京交差点【刺繍アート】[字]"
747,BD-RE-30018-001,"00040","2020/05/05 22:00:00","00:53:46","71","テレビ東京１","ガイアの夜明け コロナショックを乗り切る！“ニッポンの宿”水面下の闘い[字]"
748,BD-RE-30018-001,"00041","2020/05/05 22:54:00","00:06:08","81","フジテレビ","猫のエンタメ缶[字]"
749,BD-RE-30018-001,"00042","2020/05/05 23:10:00","00:05:07","51","テレビ朝日","世界の車窓から[字]"
750,BD-RE-30018-001,"00043","2020/05/06 00:45:00","00:05:08","51","テレビ朝日","フィンク１分フィット[字]"
1,BD-RE-30119-001,"00001","2020/06/30 01:59:00","02:00:08","41","日テレ１","映画天国「シャイニング」★ホラーの金字塔★スタンリー・キューブリックの傑作"
2,BD-RE-30119-001,"00002","2020/06/30 02:15:00","01:00:09","81","フジテレビ","グッドモーニング・コール　ｏｕｒ　ｃａｍｐｕｓ　ｄａｙｓ＜Ｍナイト＞　＃０６[再]"
3,BD-RE-30119-001,"00003","2020/06/30 05:45:00","01:20:07","71","テレビ東京１","モーサテ【拡大するマレーシアのゴム手袋産業】"
4,BD-RE-30119-001,"00004","2020/06/30 07:35:00","00:25:07","71","テレビ東京１","シナぷしゅ[字][解]"
5,BD-RE-30119-001,"00005","2020/06/30 08:00:00","00:15:07","71","テレビ東京１","ハーフタイムツアーズ[字]"
6,BD-RE-30119-001,"00006","2020/06/30 08:15:00","00:56:08","71","テレビ東京１","韓流プレミア 不滅の恋人 ＃８[二]"
7,BD-RE-30119-001,"00007","2020/06/30 09:55:00","00:30:08","51","テレビ朝日","じゅん散歩[字]"
8,BD-RE-30119-001,"00008","2020/06/30 11:40:00","01:55:07","71","テレビ東京１","昼めし旅【千葉県袖ケ浦市…酪農発祥地・千葉の自家製牛乳よせ！？】[字]"
9,BD-RE-30119-001,"00009","2020/06/30 13:00:00","00:30:08","51","テレビ朝日","徹子の部屋　浅香光代・照英・グッチ裕三ほか[解][字]"
10,BD-RE-30119-001,"00010","2020/06/30 13:30:00","00:15:07","51","テレビ朝日","上沼恵美子のおしゃべりクッキング　初夏の暑さを吹き飛ばす！「ピリ辛グルメ」[デ][字]"
11,BD-RE-30119-001,"00011","2020/06/30 13:35:00","02:05:07","71","テレビ東京１","午後エンタ 午後ロード「デンジャラス・ビューティー」２週連続！[字][二]"
12,BD-RE-30119-001,"00012","2020/06/30 13:49:00","01:54:07","51","テレビ朝日","西村京太郎サスペンス　鉄道捜査官９[字][再]"
13,BD-RE-30119-001,"00013","2020/06/30 15:40:00","01:14:08","71","テレビ東京１","よじごじＤａｙｓ『今こそ知りたい！夏の最強開運スポット』ＭＣ：上地雄輔"
14,BD-RE-30119-001,"00014","2020/06/30 15:50:00","01:00:09","81","フジテレビ","探偵・由利麟太郎　＃０２[再][字][デ]"
15,BD-RE-30119-001,"00015","2020/06/30 17:10:00","00:20:08","71","テレビ東京１","虎ノ門市場 日本全国の食文化をお伝えします！[字]"
16,BD-RE-30119-001,"00016","2020/06/30 17:55:00","00:30:07","71","テレビ東京１","シャドウバース[字][デ]"
17,BD-RE-30119-001,"00017","2020/06/30 18:25:00","00:30:07","71","テレビ東京１","ブラッククローバー[再] ＃９「獣（けもの）」[字]"
18,BD-RE-30119-001,"00018","2020/06/30 18:55:00","02:58:46","71","テレビ東京１","世界が騒然！本当にあった(秘)衝撃ファイル[字]"
19,BD-RE-30119-001,"00019","2020/06/30 19:00:00","01:00:09","61","ＴＢＳ１","この差★必勝クレーンゲーム！選んでいい台ダメな台の差に３時のヒロイン大興奮ＳＰ[字]"
20,BD-RE-30119-001,"00020","2020/06/30 20:00:00","00:54:09","61","ＴＢＳ１","教えてもらう前と後【名医のマスク新常識★一流シェフの卵かけご飯】[字]"
21,BD-RE-30119-001,"00021","2020/06/30 20:57:00","01:02:46","61","ＴＢＳ１","マツコの知らない世界[字]【極上の食感！フレンチトースト！＆癒しの色彩！黄色の世界】"
22,BD-RE-30119-001,"00022","2020/06/30 21:00:00","00:53:49","81","フジテレビ","探偵・由利麟太郎【殺人ピエロの罠！相棒の容疑を晴らせ】　＃０３[字][デ]"
23,BD-RE-30119-001,"00023","2020/06/30 21:54:00","00:05:49","81","フジテレビ","村雨式キャンプ[字]"
24,BD-RE-30119-001,"00024","2020/06/30 21:54:00","00:05:52","71","テレビ東京１","東京交差点「スマホアプリ」[字]"
25,BD-RE-30119-001,"00025","2020/06/30 22:00:00","00:53:46","71","テレビ東京１","ガイアの夜明け【“幸せ食堂”の３６５日～コロナで気づいた理想と現実～】[字]"
26,BD-RE-30119-001,"00001","2020/06/30 01:59:00","02:00:08","41","日テレ１","映画天国「シャイニング」★ホラーの金字塔★スタンリー・キューブリックの傑作"
27,BD-RE-30119-001,"00002","2020/06/30 02:15:00","01:00:09","81","フジテレビ","グッドモーニング・コール　ｏｕｒ　ｃａｍｐｕｓ　ｄａｙｓ＜Ｍナイト＞　＃０６[再]"
28,BD-RE-30119-001,"00003","2020/06/30 05:45:00","01:20:07","71","テレビ東京１","モーサテ【拡大するマレーシアのゴム手袋産業】"
29,BD-RE-30119-001,"00004","2020/06/30 07:35:00","00:25:07","71","テレビ東京１","シナぷしゅ[字][解]"
30,BD-RE-30119-001,"00005","2020/06/30 08:00:00","00:15:07","71","テレビ東京１","ハーフタイムツアーズ[字]"
31,BD-RE-30119-001,"00006","2020/06/30 08:15:00","00:56:08","71","テレビ東京１","韓流プレミア 不滅の恋人 ＃８[二]"
32,BD-RE-30119-001,"00007","2020/06/30 09:55:00","00:30:08","51","テレビ朝日","じゅん散歩[字]"
33,BD-RE-30119-001,"00008","2020/06/30 11:40:00","01:55:07","71","テレビ東京１","昼めし旅【千葉県袖ケ浦市…酪農発祥地・千葉の自家製牛乳よせ！？】[字]"
34,BD-RE-30119-001,"00009","2020/06/30 13:00:00","00:30:08","51","テレビ朝日","徹子の部屋　浅香光代・照英・グッチ裕三ほか[解][字]"
35,BD-RE-30119-001,"00010","2020/06/30 13:30:00","00:15:07","51","テレビ朝日","上沼恵美子のおしゃべりクッキング　初夏の暑さを吹き飛ばす！「ピリ辛グルメ」[デ][字]"
36,BD-RE-30119-001,"00011","2020/06/30 13:35:00","02:05:07","71","テレビ東京１","午後エンタ 午後ロード「デンジャラス・ビューティー」２週連続！[字][二]"
37,BD-RE-30119-001,"00012","2020/06/30 13:49:00","01:54:07","51","テレビ朝日","西村京太郎サスペンス　鉄道捜査官９[字][再]"
38,BD-RE-30119-001,"00013","2020/06/30 15:40:00","01:14:08","71","テレビ東京１","よじごじＤａｙｓ『今こそ知りたい！夏の最強開運スポット』ＭＣ：上地雄輔"
39,BD-RE-30119-001,"00014","2020/06/30 15:50:00","01:00:09","81","フジテレビ","探偵・由利麟太郎　＃０２[再][字][デ]"
40,BD-RE-30119-001,"00015","2020/06/30 17:10:00","00:20:08","71","テレビ東京１","虎ノ門市場 日本全国の食文化をお伝えします！[字]"
41,BD-RE-30119-001,"00016","2020/06/30 17:55:00","00:30:07","71","テレビ東京１","シャドウバース[字][デ]"
42,BD-RE-30119-001,"00017","2020/06/30 18:25:00","00:30:07","71","テレビ東京１","ブラッククローバー[再] ＃９「獣（けもの）」[字]"
43,BD-RE-30119-001,"00018","2020/06/30 18:55:00","02:58:46","71","テレビ東京１","世界が騒然！本当にあった(秘)衝撃ファイル[字]"
44,BD-RE-30119-001,"00019","2020/06/30 19:00:00","01:00:09","61","ＴＢＳ１","この差★必勝クレーンゲーム！選んでいい台ダメな台の差に３時のヒロイン大興奮ＳＰ[字]"
45,BD-RE-30119-001,"00020","2020/06/30 20:00:00","00:54:09","61","ＴＢＳ１","教えてもらう前と後【名医のマスク新常識★一流シェフの卵かけご飯】[字]"
46,BD-RE-30119-001,"00021","2020/06/30 20:57:00","01:02:46","61","ＴＢＳ１","マツコの知らない世界[字]【極上の食感！フレンチトースト！＆癒しの色彩！黄色の世界】"
47,BD-RE-30119-001,"00022","2020/06/30 21:00:00","00:53:49","81","フジテレビ","探偵・由利麟太郎【殺人ピエロの罠！相棒の容疑を晴らせ】　＃０３[字][デ]"
48,BD-RE-30119-001,"00023","2020/06/30 21:54:00","00:05:49","81","フジテレビ","村雨式キャンプ[字]"
49,BD-RE-30119-001,"00024","2020/06/30 21:54:00","00:05:52","71","テレビ東京１","東京交差点「スマホアプリ」[字]"
50,BD-RE-30119-001,"00025","2020/06/30 22:00:00","00:53:46","71","テレビ東京１","ガイアの夜明け【“幸せ食堂”の３６５日～コロナで気づいた理想と現実～】[字]"
51,BD-RE-00041-001,"00001","2020/04/09 20:00:00","01:48:09","51","テレビ朝日","[新]警視庁・捜査一課長　２０２０　初回２時間スペシャル　＃１[解][字]"
52,BD-RE-00041-001,"00002","2020/04/16 20:00:00","00:59:46","51","テレビ朝日","警視庁・捜査一課長　２０２０　＃２[解][字]"
53,BD-RE-00041-001,"00003","2020/04/23 20:00:00","00:53:46","51","テレビ朝日","警視庁・捜査一課長　２０２０　＃３[解][字]"
54,BD-RE-00041-001,"00004","2020/04/30 20:00:00","00:53:46","51","テレビ朝日","警視庁・捜査一課長　２０２０　＃４[解][字]"
55,BD-RE-00041-001,"00005","2020/04/28 13:49:00","01:54:07","51","テレビ朝日","西村京太郎サスペンス　鉄道捜査官１３[字][再]"
56,BD-RE-00041-001,"00006","2020/04/19 13:55:00","02:30:08","51","テレビ朝日","西村京太郎トラベルミステリー５２[字][再]"
57,BD-RE-00041-001,"00007","2020/04/25 13:30:00","02:29:46","51","テレビ朝日","西村京太郎トラベルミステリー５５[字][再]"
58,BD-RE-00041-001,"00008","2020/04/26 16:00:00","00:55:07","71","テレビ東京１","行列の女神～らーめん才遊記～（主演：鈴木京香）予習復習スペシャル 第１話[字]"
59,BD-RE-00041-001,"00009","2020/04/20 22:00:00","00:54:07","71","テレビ東京１","[新]行列の女神～らーめん才遊記～ 第１話（主演：鈴木京香×ラーメン）[字]"
60,BD-RE-00041-001,"00010","2020/04/27 22:00:00","00:54:07","71","テレビ東京１","行列の女神～らーめん才遊記～ 第２話（主演：鈴木京香×ラーメン！）[字]"
61,BD-RE-00041-001,"00011","2020/05/04 22:00:00","00:53:46","71","テレビ東京１","行列の女神～らーめん才遊記～ 第３話（主演：鈴木京香×ラーメン！）[字]"
62,BD-RE-00041-001,"00012","2020/04/12 22:30:00","00:55:07","41","日テレ１","[新]美食探偵 明智五郎＃1[解][字][デ]【殺人鬼に変貌した主婦の真相とハートに迫る！】"
63,BD-RE-00041-001,"00013","2020/04/19 22:30:00","00:55:07","41","日テレ１","美食探偵 明智五郎＃2[解][字][デ]【殺人鬼の真相とハートに迫る恋する毒殺サスペンス】"
64,BD-RE-00041-001,"00014","2020/04/26 22:30:00","00:55:07","41","日テレ１","美食探偵 明智五郎＃3[解][字][デ]【殺人鬼の真相とハートに迫る恋する毒殺サスペンス】"
65,BD-RE-00041-001,"00015","2020/05/03 22:30:00","00:55:07","41","日テレ１","美食探偵 明智五郎＃４[解][字][デ]【殺人主婦の真相とハートに迫る恋する毒殺サスペンス】"
66,BD-RE-00041-001,"00016","2020/04/21 21:00:00","00:53:46","81","フジテレビ","素敵な選ＴＡＸＩ【過去に戻って罪を犯す！？切ない四十路男の恋冒険】　＃０２[再][字]"
67,BD-RE-00041-001,"00017","2020/04/28 21:00:00","00:53:46","81","フジテレビ","素敵な選ＴＡＸＩ【社長と不倫！秘書の許されぬ恋に残された選択肢は？】　＃０３[再][字]"
68,BD-RE-00041-001,"00018","2020/05/05 21:00:00","00:53:46","81","フジテレビ","素敵な選ＴＡＸＩ【拾った宝くじが１億円！リストラ男の金と欲の選択肢】　＃０４[再][字]"
69,BD-RE-00041-001,"00019","2020/04/15 21:00:00","00:54:08","51","テレビ朝日","特捜９　ｓｅａｓｏｎ３　＃２「妻の死体を運んだ男」[解][字]"
70,BD-RE-00041-001,"00020","2020/04/22 21:00:00","00:54:09","51","テレビ朝日","特捜９　ｓｅａｓｏｎ３　＃３「殺しのオムライス」[解][字]"
71,BD-RE-00041-001,"00021","2020/04/29 21:00:00","00:54:08","51","テレビ朝日","特捜９　ｓｅａｓｏｎ３　＃４「殺人の城」[解][字]"
72,BD-RE-00041-001,"00022","2020/04/28 22:00:00","00:56:46","61","ＴＢＳ１","「恋はつづくよどこまでも胸キュン！特別編～第８話」[字]"
73,BD-RE-00041-001,"00023","2020/05/05 22:00:00","00:57:08","61","ＴＢＳ１","「恋はつづくよどこまでも胸キュン！特別編～第９話」[字]"
74,BD-RE-00041-001,"00024","2020/04/26 17:15:00","00:05:07","71","テレビ東京１","「行列の女神～らーめん才遊記～」（主演：鈴木京香）見どころ紹介[字]"
75,BD-RE-00038-001,"00001","2020/04/23 05:45:00","01:20:08","71","テレビ東京１","モーサテ【６億円調達の有力ベンチャーの秘密】"
76,BD-RE-00038-001,"00002","2020/04/15 05:45:00","01:20:08","71","テレビ東京１","モーサテ【100年前の「スペインかぜ」に学ぶ】"
77,BD-RE-00038-001,"00003","2020/04/22 05:45:00","01:20:08","71","テレビ東京１","モーサテ【NY原油暴落後の最新マーケット】"
78,BD-RE-00038-001,"00004","2020/04/20 05:45:00","01:20:08","71","テレビ東京１","モーサテ【なぜ航空会社を政府支援 日経記者解説】"
79,BD-RE-00038-001,"00005","2020/04/24 05:45:00","01:20:07","71","テレビ東京１","モーサテ【アメリカ人が熱心に取り組むチャリティー活動の背景】"
80,BD-RE-00038-001,"00006","2020/04/16 05:45:00","01:20:08","71","テレビ東京１","モーサテ【コロナで揺れる自動車業界 回復見通しは】"
81,BD-RE-00038-001,"00007","2020/04/21 05:45:00","01:20:08","71","テレビ東京１","モーサテ【ドバイで加速する意外なビジネスとは】"
82,BD-RE-00038-001,"00008","2020/05/01 05:45:00","01:20:08","71","テレビ東京１","モーサテ【パックンの眼 コロナで急増DV被害】"
83,BD-RE-00038-001,"00009","2020/04/17 05:45:00","01:20:07","71","テレビ東京１","モーサテ【パックン解説 存在感高まるクオモNY州知事】"
84,BD-RE-00038-001,"00010","2020/04/13 05:45:00","01:20:07","71","テレビ東京１","モーサテ【今週のマーケットを展望】"
85,BD-RE-00038-001,"00011","2020/04/14 05:45:00","01:20:07","71","テレビ東京１","モーサテ【仏教国ミャンマー…新型コロナの思わぬ影響とは？】"
86,BD-RE-00038-001,"00012","2020/04/28 05:45:00","01:20:07","71","テレビ東京１","モーサテ【新型コロナ フィリピン・マニラ最新報告】"
87,BD-RE-00038-001,"00013","2020/04/30 05:45:00","01:20:07","71","テレビ東京１","モーサテ【決算本格化 「人気のない」銘柄に注目】"
88,BD-RE-00038-001,"00014","2020/04/10 05:45:00","01:20:07","71","テレビ東京１","モーサテ【米のテレワークの実態は】"
89,BD-RE-00038-001,"00015","2020/04/27 05:45:00","01:20:07","71","テレビ東京１","モーサテ【韓国経済の今を読み解く】"
90,BD-RE-00038-001,"00016","2020/03/17 18:55:00","01:59:08","71","テレビ東京１","世界が騒然！本当にあった(秘)衝撃ファイル[字]"
91,BD-RE-00038-001,"00017","2020/04/06 18:25:00","02:35:08","71","テレビ東京１","世界が騒然！本当にあった(秘)衝撃ファイル[字]"
92,BD-RE-00038-001,"00018","2020/05/05 18:55:00","01:59:08","71","テレビ東京１","世界が騒然！本当にあった(秘)衝撃ファイル[字]"
