id,vol_name,file_name,path,file_ext,attributes_map,created,file_size
1,"DVD-RAM-00012","あんどーなつ6-6.mp4","\MOVIE-FILES\",".mp4","--a--------","2019/03/18 06:36","312637389"
2,"DVD-RAM-00012","20080101-素敵な宇宙船地球号-#1「2008CO2スリム化大作戦」〜地球のために今すべきこと〜.mp4","\MOVIE-FILES\",".mp4","--a--------","2019/03/17 14:44","236653298"
3,"DVD-RAM-00012","20080102-素敵な宇宙船地球号-#2「2008CO2スリム化大作戦」〜地球のために今すべきこと〜.mp4","\MOVIE-FILES\",".mp4","--a--------","2019/03/17 17:03","236653298"
4,"DVD-RAM-00012","20080103-素敵な宇宙船地球号-#1「奇跡の空中庭園！Vol03」〜密着200日！メイドイン銀座の米作り〜.mp4","\MOVIE-FILES\",".mp4","--a--------","2019/03/17 14:52","255992972"
5,"DVD-RAM-00012","20080104-素敵な宇宙船地球号-#1「猟師が教える命の食べ方」〜京都・紅葉の山に異変アリ！〜.mp4","\MOVIE-FILES\",".mp4","--a--------","2019/03/17 15:01","270910262"
6,"DVD-RAM-00012","20080105-素敵な宇宙船地球号-#2-「猟師が教える命の食べ方」〜京都・紅葉の山に異変アリ！〜.mp4","\MOVIE-FILES\",".mp4","--a--------","2019/03/17 17:13","270910262"
7,"DVD-RAM-00012","200708262300-世界遺産-v557-#1「プランタン−モレトゥスの家屋・工房・博物館複合体（ベルギー）.mp4","\MOVIE-FILES\",".mp4","--a--------","2019/03/17 15:09","202886466"
8,"DVD-RAM-00012","200708262300-世界遺産-v557-#2「プランタン−モレトゥスの家屋・工房・博物館複合体（ベルギー）.mp4","\MOVIE-FILES\",".mp4","--a--------","2019/03/17 17:22","202886466"
9,"DVD-RAM-00012","200709302300-世界遺産第-v562-#1「ザモシチ旧市街（ポーランド）」.mp4","\MOVIE-FILES\",".mp4","--a--------","2019/03/17 15:16","186976651"
10,"DVD-RAM-00012","200709302300-世界遺産-v562-#2「ザモシチ旧市街（ポーランド）」.mp4","\MOVIE-FILES\",".mp4","--a--------","2019/03/17 17:33","186976651"
11,"DVD-RAM-00012","あんどーなつ20080818-あんどーなつ-v07-「浅草芸者の心意気」.mp4","\MOVIE-FILES\",".mp4","--a--------","2019/03/18 05:47","297372486"
12,"DVD-RAM-00012","あんどーなつ20080825-あんどーなつ-v08-「しょっぱい帰郷」.mp4","\MOVIE-FILES\",".mp4","--a--------","2019/03/18 05:59","310348682"
13,"DVD-RAM-00012","あんどーなつ20080901-あんどーなつ-v09-「女将さんがお見合いっ！？」.mp4","\MOVIE-FILES\",".mp4","--a--------","2019/03/18 06:12","292714297"
14,"DVD-RAM-00012","あんどーなつ20080908-あんどーなつ-v10-「父と息子…涙のオムレツ」.mp4","\MOVIE-FILES\",".mp4","--a--------","2019/03/18 06:20","292801111"
15,"DVD-RAM-00012","あんどーなつ20080915-あんどーなつ-v11-「京都から来た男」.mp4","\MOVIE-FILES\",".mp4","--a--------","2019/03/18 06:28","275823680"
16,"DVD-RAM-00012","スポパラ「メガスポ！／怒りオヤジ３」20090101-スポパラ「メガスポ！／ 怒りオヤジ３」.mp4","\MOVIE-FILES\",".mp4","--a--------","2019/03/22 18:05","358313911"
17,"DVD-RAM-00012","奇跡体験！アンビリバボ―20090101-奇跡体験！アンビリバボ―.mp4","\MOVIE-FILES\",".mp4","--a--------","2019/03/22 00:06","307853133"
18,"DVD-RAM-00013","1stBrowser.exe","\SW-FILES\",".exe","--a--------","2018/03/18 18:05","3836520"
19,"DVD-RAM-00013","DVDFabPasskey8285.exe","\SW-FILES\",".exe","--a--------","2018/03/18 19:09","5870904"
20,"DVD-RAM-00013","GoogleChromeEnterpriseBundle64.zip","\SW-FILES\",".zip","--a--------","2018/03/18 18:07","65287864"
21,"DVD-RAM-00013","hm879_x64_signed.exe","\SW-FILES\",".exe","--a--------","2018/03/18 19:14","3806816"
22,"DVD-RAM-00013","isobuster_all_lang.exe","\SW-FILES\",".exe","--a--------","2018/03/18 18:19","3818944"
23,"DVD-RAM-00013","K-Lite_Codec_Pack_1400_Mega.exe","\SW-FILES\",".exe","--a--------","2018/03/18 18:22","51718491"
24,"DVD-RAM-00013","K-Lite_Codec_Pack_1440_Full.exe","\SW-FILES\",".exe","--a--------","2018/09/08 13:55","48194692"
25,"DVD-RAM-00013","key.DVDFabPasskey","\SW-FILES\",".DVDFabPasskey","--a--------","2018/03/18 19:03","353"
26,"DVD-RAM-00013","OperaSetup.exe","\SW-FILES\",".exe","--a--------","2018/03/18 18:06","1408088"
27,"DVD-RAM-00013","TVMW5_Retail_5.5.3.108_setup_ja.exe","\SW-FILES\",".exe","--a--------","2018/03/18 18:03","166394424"
28,"DVD-RAM-00013","ubuntu-ja-16.04-desktop-amd64.iso","\SW-FILES\",".iso","--a--------","2018/09/08 13:49","1388429312"
29,"DVD-RAM-00013","VirtualBox-5.2.6.tar.bz2","\SW-FILES\",".bz2","--a--------","2018/02/03 14:46","118530572"
30,"DVD-RAM-00013","VirtualBox-5.2.6-120293-Win.exe","\SW-FILES\",".exe","--a--------","2018/02/03 14:44","113828696"
31,"DVD-RAM-00013","ccsetup547.exe","\SW-FILES\",".exe","--a--------","2018/10/13 08:02","16796856"
32,"DVD-RAM-00013","ChromeSetup.exe","\SW-FILES\",".exe","--a--------","2018/02/03 13:57","1129816"
33,"DVD-RAM-00013","Fedora-Server-dvd-x86_64-27-1.6.iso","\SW-FILES\",".iso","--a--------","2018/02/03 22:37","276138496"
34,"DVD-RAM-00013","Fedora-Workstation-Live-x86_64-27-1.6.iso","\SW-FILES\",".iso","--a--------","2018/02/03 22:05","60946067"
35,"DVD-RAM-00013","Oracle_VM_VirtualBox_Extension_Pack-5.2.6-120293.vbox-extpack","\SW-FILES\",".vbox-extpack","--a--------","2018/02/03 14:20","19468503"
36,"DVD-RAM-00013","TortoiseGit-2.7.0.0-64bit.msi","\SW-FILES\",".msi","--a--------","2018/09/08 07:41","19628032"
37,"DVD-RAM-00013","LanguagePack_1.10.2.28392-x64-ja.msi","\SW-FILES\",".msi","--a--------","2018/10/13 09:04","5001216"
38,"DVD-RAM-00013","TortoiseGit-LanguagePack-2.7.0.0-64bit-ja.msi","\SW-FILES\",".msi","--a--------","2018/10/13 09:40","4214784"
39,"DVD-RAM-00013","TortoiseSVN-1.10.2.28392-x64-svn-1.10.3.msi","\SW-FILES\",".msi","--a--------","2018/10/13 09:06","17940480"
40,"DVD-RAM-00008","日曜洋画劇場 201004112100「日曜洋画劇場「パイレーツ・オブ・カリビアン／ワールド・エンド　逆襲編」」.mp4","\MOVIE-FILES\",".mp4","--a--------","2018/07/15 20:29","652884146"
41,"DVD-RAM-00008","日曜洋画劇場_201004042100「パイレーツ・オブ・カリビアン／ワールド・エンド　逆襲編」.mp4","\MOVIE-FILES\",".mp4","--a--------","2018/07/15 20:14","663728260"
42,"DVD-RAM-00008","龍馬伝 Ep04 201004042000「お尋ね者龍馬」-3.mp4","\MOVIE-FILES\",".mp4","--a--------","2018/10/07 08:51","274903717"
43,"DVD-RAM-00008","龍馬伝 Ep15 201004112000「ふたりの京」-1.mp4","\MOVIE-FILES\",".mp4","--a--------","2018/10/07 09:55","258431519"
44,"DVD-RAM-00008","龍馬伝 Ep16 201004182000「勝麟太郎」-2.mp4","\MOVIE-FILES\",".mp4","--a--------","2018/10/07 10:03","261261455"
45,"DVD-RAM-00008","龍馬伝 Ep17 201004252000「怪物、容堂」-3.mp4","\MOVIE-FILES\",".mp4","--a--------","2018/10/07 10:11","251252911"
46,"DVD-RAM-00008","龍馬伝 Ep18 201005022000「海軍を作ろう！」-4.mp4","\MOVIE-FILES\",".mp4","--a--------","2018/10/07 10:20","285079170"
47,"DVD-RAM-00008","松本清張ドラマスペシャル「山峡の章」-2.mp4","\MOVIE-FILES\",".mp4","--a--------","2018/10/08 16:20","452317249"
48,"DVD-RAM-00008","映画「木更津キャッツアイ　ワ―ルドシリ―ズ」-1.mp4","\MOVIE-FILES\",".mp4","--a--------","2018/10/08 15:57","754626264"
49,"DVD-RAM-00008","サイレント・ヴォイス 行動心理捜査官・楯岡絵麻 Ep06 名優は誰だ20181110-1.mp4","\MOVIE-FILES\",".mp4","--a--------","2018/11/21 22:22","174740330"
50,"DVD-RAM-00008","ウルトラマンrb 最終話201812220900-1.mp4","\MOVIE-FILES\",".mp4","--a--------","2018/12/22 18:07","296223306"
51,"DVD-RAM-00008","厳選いい宿 201709250800＜栃木・那須高原 往復直行バスで行く高原リゾート＞-3.mp4","\MOVIE-FILES\",".mp4","--a--------","2018/12/19 05:09","88042758"
52,"DVD-RAM-00009","jdk-8u162-windows-i586.exe","\SW-FILES\",".exe","--a--------","2018/04/22 08:36","208220728"
53,"DVD-RAM-00009","jdk-10.0.1_windows-x64_bin.exe","\SW-FILES\",".exe","--a--------","2018/04/22 08:18","409146304"
54,"DVD-RAM-00009","apache-tomcat-7.0.91-windows-x86.zip","\SW-FILES\",".zip","--a--------","2018/10/27 07:36","10444629"
55,"DVD-RAM-00009","apache-tomcat-6.0.53-windows-x86.zip","\SW-FILES\",".zip","--a--------","2018/10/27 08:25","8223629"
56,"DVD-RAM-00009","jakarta-tomcat-5.0.30.tar.gz","\SW-FILES\",".gz","--a--------","2018/10/27 08:24","10842790"
57,"DVD-RAM-00009","apache-tomcat-5.5.36.zip","\SW-FILES\",".zip","--a--------","2018/10/27 08:23","10540286"
58,"DVD-RAM-00009","apache-tomcat-6.0.53.tar.gz","\SW-FILES\",".gz","--a--------","2018/10/27 08:26","7110610"
59,"DVD-RAM-00009","apache-tomcat-9.0.12.tar.gz","\SW-FILES\",".gz","--a--------","2018/10/27 09:44","9912675"
60,"DVD-RAM-00009","apache-tomcat-8.5.34.tar.gz","\SW-FILES\",".gz","--a--------","2018/10/27 09:43","9625824"
61,"DVD-RAM-00009","僕とシッポと神楽坂第6話201811162315.mp4","\MOVIE-FILES\",".mp4","--a--------","2018/11/20 21:30","1195328821"
62,"DVD-RAM-00009","ホワイトカラー５ 天才詐欺師は捜査官 Ep12 201709251240「マネーゲーム」#12-2.mp4","\MOVIE-FILES\",".mp4","--a--------","2018/12/19 05:06","225042410"
63,"DVD-RAM-00009","イチから住〜前略、移住しました〜 201709241830「長野県小諸移住の鳥羽潤、今旬のキノコ蕎麦作り」-1.mp4","\MOVIE-FILES\",".mp4","--a--------","2018/12/19 04:58","187791111"
64,"DVD-RAM-00009","宇宙戦隊キュウレンジャー Ep31 201709240730【ナーガ奪還大作戦！】-4.mp4","\MOVIE-FILES\",".mp4","--a--------","2018/12/17 06:41","240749631"
65,"DVD-RAM-00009","仮面ライダービルド Ep04 201709240800『証言はゼロになる』-3.mp4","\MOVIE-FILES\",".mp4","--a--------","2018/12/17 06:34","178235806"
66,"DVD-RAM-00009","キラキラ☆プリキュアアラモード Ep01 201709240830「スイーツがキケン！？復活、闇のアニマル！」-1.mp4","\MOVIE-FILES\",".mp4","--a--------","2018/12/17 06:22","169931114"
67,"DVD-RAM-00009","下町ロケット(2018) Ep10201812162100-1.mp4","\MOVIE-FILES\",".mp4","--a--------","2018/12/17 00:08","511636885"
68,"DVD-RAM-00009","ドロ刑 -警視庁捜査三課-Ep10（最終回）201812152200-2.mp4","\MOVIE-FILES\",".mp4","--a--------","2018/12/16 23:09","364433561"
69,"DVD-RAM-00009","サイレント・ヴォイス 行動心理捜査官・楯岡絵麻 Ep10 綺麗な薔薇は棘だらけ201812152359-1.mp4","\MOVIE-FILES\",".mp4","--a--------","2018/12/16 22:50","341980968"
70,"DVD-RAM-00009","ヘボット！-Ep50 201709240700「にちようびのせかい」-2.mp4","\MOVIE-FILES\",".mp4","--a--------","2018/12/17 06:28","168044397"
71,"DVD-R-DL_00001","カンフー・パンダ3.mp4","\MOVIE-FILES\",".mp4","--a--------","2017/12/27 14:22","714884468"
72,"DVD-R-DL_00001","重要参考人探偵 Ep07 201712012359「 最終章「湯けむり殺人と20年前の真相」」-2.mp4","\MOVIE-FILES\",".mp4","--a--------","2017/12/28 11:48","223954078"
73,"DVD-R-DL_00001","朝の！さんぽ道 201711020735【椎名町】旅人：秋本奈緒美-3.mp4","\MOVIE-FILES\",".mp4","--a--------","2017/12/28 14:41","169640836"
74,"DVD-R-DL_00001","ドラマシリーズ「ナイトヒーロー Naoto」 Ep05 201711020320-1.mp4","\MOVIE-FILES\",".mp4","--a--------","2017/12/28 14:35","154335195"
75,"DVD-R-DL_00001","家、ついて行ってイイですか？_201711012100.mp4","\MOVIE-FILES\",".mp4","--a--------","2017/12/28 11:41","737012874"
76,"DVD-R-DL_00001","韓流プレミア キャリアを引く女 Ep09 201711020815-4.mp4","\MOVIE-FILES\",".mp4","--a--------","2017/12/28 14:46","195702656"
77,"DVD-R-DL_00001","厳選いい宿 201711020800＜栃木・那須高原 往復直行バスで行く高原リゾート＞-2.mp4","\MOVIE-FILES\",".mp4","--a--------","2017/12/28 14:37","85993329"
78,"DVD-R-DL_00001","Boruto-ボルト- Naruto Next Generations 201711011755-1.mp4","\MOVIE-FILES\",".mp4","--a--------","2017/12/29 06:56","106260435"
79,"DVD-R-DL_00001","Wbs 201711012300「▽ソニー…12年ぶりにロボット事業復活！？▽現金払いがngのファミレス登場」-2.mp4","\MOVIE-FILES\",".mp4","--a--------","2017/12/29 07:04","285894426"
80,"DVD-R-DL_00001","午後ロード「グロリア」 201711011335「強く美しい野獣シャロン、女は愛のために牙をむく!」-3.mp4","\MOVIE-FILES\",".mp4","--a--------","2017/12/29 07:19","504817754"
81,"DVD-R-DL_00001","和風総本家 201711191155「〜世界で見つけたmade In Japan編〜」-1.mp4","\MOVIE-FILES\",".mp4","--a--------","2017/12/29 08:01","333658305"
82,"DVD-R-DL_00001","日曜ミステリー「ソタイ２ 組織犯罪対策課」 201711191400-2.mp4","\MOVIE-FILES\",".mp4","--a--------","2017/12/29 08:17","470950739"
83,"DVD-R-DL_00001","朝の！さんぽ道 201711200735【温泉のある街・千葉県鴨川】旅人：金子貴俊-3.mp4","\MOVIE-FILES\",".mp4","--a--------","2017/12/29 08:22","175994977"
84,"DVD-R-DL_00001","知られざるガリバー 201711191730「〜消費者の知らないエクセレントカンパニー〜」-4.mp4","\MOVIE-FILES\",".mp4","--a--------","2017/12/29 08:26","152259071"
85,"DVD-R-DL_00001","遊戯王vrains 201711011825「ウィルスデッキ・オペレーション」-4.mp4","\MOVIE-FILES\",".mp4","--a--------","2017/12/29 07:23","190012630"
86,"DVD-R-DL_00001","12モンキーズ　シーズン1 Ep04 201611020159「アタリ」-1.mp4","\MOVIE-FILES\",".mp4","--a--------","2017/12/29 11:26","215928964"
87,"DVD-R-DL_00001","あいつ今何してる？ 201611021900-2.mp4","\MOVIE-FILES\",".mp4","--a--------","2017/12/29 11:35","292882605"
88,"DVD-R-DL_00001","相棒 Season 15 Ep04 201611022100-3.mp4","\MOVIE-FILES\",".mp4","--a--------","2017/12/29 11:44","205836449"
89,"DVD-R-DL_00001","美の巨人たち 201606042200「永徳vs等伯『唐獅子図屏風　松林図屏風』絵筆で臨んだ天下取りの闘い」-4.mp4","\MOVIE-FILES\",".mp4","--a--------","2017/12/29 11:49","149597843"
90,"DVD-R-DL_00001","〈木曜劇場〉カエルの王女さま Ep10 201206142200-1.mp4","\MOVIE-FILES\",".mp4","--a--------","2017/12/29 12:58","269569998"
91,"DVD-R-DL_00001","〈木曜劇場〉東野圭吾ミステリ―ズep02 201207122200-2.mp4","\MOVIE-FILES\",".mp4","--a--------","2017/12/29 13:05","199898093"
92,"DVD-R-DL_00001","ステップファザ―・ステップ Ep10-3.mp4","\MOVIE-FILES\",".mp4","--a--------","2017/12/29 13:10","199482267"
93,"DVD-R-DL_00001","ハングリ―！ Ep01 201201102215「超ドsシェフ誕生…満足させてやる!」-4.mp4","\MOVIE-FILES\",".mp4","--a--------","2017/12/29 13:19","402454417"
94,"DVD-R-DL_00001","ハングリ―！ Ep09 201203062200「まさか! 結婚式で料理対決だ!」-5.mp4","\MOVIE-FILES\",".mp4","--a--------","2017/12/29 13:26","311454934"
95,"DVD-R-DL_00001","ハングリ―！ Ep11 201203202210「空腹が人を幸せにする! 俺の料理を食ってくれ」-6.mp4","\MOVIE-FILES\",".mp4","--a--------","2017/12/29 13:33","307805612"
96,"DVD-R-DL_00001","情熱大陸 Ep693 20120318 2300「漫画家：浅野いにお」-7.mp4","\MOVIE-FILES\",".mp4","--a--------","2017/12/29 13:37","157492665"
97,"DVD-R-DL_00001","情熱大陸 Ep696 20120408 2300「ロックバンド：プリンセス・プリンセス」-8.mp4","\MOVIE-FILES\",".mp4","--a--------","2017/12/29 13:41","199834323"
98,"DVD-R-DL_00001","情熱大陸 Ep701 20120513 2300「シンガー：juju」-9.mp4","\MOVIE-FILES\",".mp4","--a--------","2017/12/29 13:45","210752007"
99,"DVD-R-DL_00001","情熱大陸 Ep703 20120527 2300「全日本バレーボール代表：竹下佳江＆木村沙織」-10.mp4","\MOVIE-FILES\",".mp4","--a--------","2017/12/29 13:49","210700928"
100,"DVD-R-DL_00001","機動戦士ガンダムａｇｅ Ep26 20120408-11.mp4","\MOVIE-FILES\",".mp4","--a--------","2017/12/29 14:44","142483407"
101,"DVD-R-DL_00001","機動戦士ガンダムａｇｅ Ep32 20120520-12.mp4","\MOVIE-FILES\",".mp4","--a--------","2017/12/29 14:48","131829302"
102,"DVD-R-DL_00001","機動戦士ガンダムａｇｅ Ep33 20120527-13.mp4","\MOVIE-FILES\",".mp4","--a--------","2017/12/29 14:51","139788994"
103,"DVD-R-DL_00001","機動戦士ガンダムａｇｅ Ep39 20120708-14.mp4","\MOVIE-FILES\",".mp4","--a--------","2017/12/29 14:55","145875428"
104,"DVD-R-00038","モーニングチャージ! 201606220640【選挙ビジネス最前線!】-1.mp4","\MOVIE-FILES\",".mp4","--a--------","2017/09/18 16:18","130709170"
105,"DVD-R-00038","ワカコ酒　season2 Ep12 201606220325「幸せ一杯、カワハギのお造り」-2.mp4","\MOVIE-FILES\",".mp4","--a--------","2017/09/18 16:21","107270505"
106,"DVD-R-00038","厳選いい宿 201606220800「東伊豆・稲取温泉　絶景温泉リゾートが4000円以上大幅割引!!」-1.mp4","\MOVIE-FILES\",".mp4","--a--------","2017/09/18 16:32","79471118"
107,"DVD-R-00038","夏目友人帳シリーズセレクション　第二期 Ep07 201606220235「呼んではならぬ」-3.mp4","\MOVIE-FILES\",".mp4","--a--------","2017/09/18 16:24","94600670"
108,"DVD-R-00038","歴史の道　歩き旅 201606220735「〜大和田獏　中山道の宿場町を巡る旅「落合宿」〜」-4.mp4","\MOVIE-FILES\",".mp4","--a--------","2017/09/18 16:27","190840809"
109,"DVD-R-00038","遊戯王デュエルモンスターズ 201606220205「バトル・シティ編」-5.mp4","\MOVIE-FILES\",".mp4","--a--------","2017/09/18 16:30","127215467"
110,"DVD-R-00038","Sensors 201701290130「エピソード1シアター特別版」-1.mp4","\MOVIE-FILES\",".mp4","--a--------","2017/09/18 17:18","127346322"
111,"DVD-R-00038","あなたの駅前物語 Ep18 201708032310【長瀞駅前／埼玉県】-1.mp4","\MOVIE-FILES\",".mp4","--a--------","2017/09/18 17:33","13798662"
112,"DVD-R-00038","ドラマブレイク　火の女神　ジョンイ Ep01 201606220815-2.mp4","\MOVIE-FILES\",".mp4","--a--------","2017/09/18 17:23","285961334"
113,"DVD-R-00038","世界の街道をゆく Ep1940 201708032054-2.mp4","\MOVIE-FILES\",".mp4","--a--------","2017/09/18 17:33","15369455"
114,"DVD-R-00038","金曜ロードshow！ 201709152100「ピクセル」パックマン、ドンキーコングが地球侵略！？-3.mp4","\MOVIE-FILES\",".mp4","--a--------","2017/09/18 17:32","735556404"
115,"DVD-RAM-00006","Ｈａｐｐｙ　ｘｍａｓ　ｓｈｏｗ！ ２００９-5.mp4","\MOVIE-FILES\",".mp4","--a--------","2018/02/18 18:40","879857477"
116,"DVD-RAM-00006","東京大空襲スペシャルエディション 20080317-1.mp4","\MOVIE-FILES\",".mp4","--a--------","2018/02/19 23:08","1038253005"
117,"DVD-RAM-00006","ガイアの夜明け 200906092200「快走…自転車の新時代　〜“エコ・節約・電動”で復活〜」-1.mp4","\MOVIE-FILES\",".mp4","--a--------","2018/02/19 23:39","638185708"
118,"DVD-RAM-00006","ガイアの夜明け_200906162200_x264.mp4","\MOVIE-FILES\",".mp4","--a--------","2018/02/24 18:13","309135533"
119,"DVD-RAM-00006","金曜プレステージ「親父の一番長い日〜さだまさし不朽の名曲をドラマ_x264.mp4","\MOVIE-FILES\",".mp4","--a--------","2018/02/24 17:57","644369304"
120,"DVD-RAM-00006","金曜ロードショー「ルパン三世　ルパンＶＳ複製人_x264.mp4","\MOVIE-FILES\",".mp4","--a--------","2018/02/24 17:13","629901179"
121,"DVD-RAM-00006","人志松本の○○な話_200906162300_x264.mp4","\MOVIE-FILES\",".mp4","--a--------","2018/02/24 18:19","161768093"
122,"DVD-RW-070042","所さんの目がテン！ Ep1115 201201280700「愛妻の料理がマズい訳」-2.mp4","\MOVIE-FILES\",".mp4","--a--------","2018/02/18 12:41","161887985"
123,"DVD-RW-070042","聖なる怪物たち Ep02 201201262100「母親のお腹を盗む女」-3.mp4","\MOVIE-FILES\",".mp4","--a--------","2018/02/18 12:51","195316966"
124,"DVD-RW-070042","アテナ Ep16「コード・ブルー」-1.mp4","\MOVIE-FILES\",".mp4","--a--------","2018/02/18 13:28","246601289"
125,"DVD-RW-070042","奇跡体験！アンビリバボ―#1-2.mp4","\MOVIE-FILES\",".mp4","--a--------","2018/02/18 13:36","284847625"
126,"DVD-RW-070042","奇跡体験！アンビリバボ―#2-3.mp4","\MOVIE-FILES\",".mp4","--a--------","2018/02/18 13:45","409717383"
127,"DVD-RW-070042","水曜ミステリー９「監察医　篠宮葉月　新・死体は語る」-4.mp4","\MOVIE-FILES\",".mp4","--a--------","2018/02/18 14:04","591416881"
128,"DVD-RW-070042","カンブリア宮殿 Ep205「セーレン社長：川田達夫」-1.mp4","\MOVIE-FILES\",".mp4","--a--------","2018/02/18 16:02","327957675"
129,"DVD-RW-070042","情報の系譜「徳川家康×中島悟」-2.mp4","\MOVIE-FILES\",".mp4","--a--------","2018/02/18 16:02","27138361"
130,"DVD-RW-070042","Ｍｉｄｎｉｔｅテレビシリーズ ドクター・ハウス２ Ep23「父親探し」-3.mp4","\MOVIE-FILES\",".mp4","--a--------","2018/02/18 16:10","277598378"
131,"DVD-RW-070042","ゴルゴ13ベスト Ep08 「動作・２４分の４」-1.mp4","\MOVIE-FILES\",".mp4","--a--------","2018/02/18 16:50","169416195"
132,"DVD-RW-070042","ザ・クイズショウ「気絶の司会者05","442512070"
133,"DVD-RW-070042","バスカ-1.mp4","\MOVIE-FILES\",".mp4","--a--------","2018/02/18 18:10","218972081"
134,"DVD-RW-070042","世界遺産 Epxxxx 200906072300「ピサのドゥオモ広場」-2.mp4","\MOVIE-FILES\",".mp4","--a--------","2018/02/18 18:14","218942657"
135,"DVD-RW-070042","夢の扉「ドライミスト：辻本誠」-3.mp4","\MOVIE-FILES\",".mp4","--a--------","2018/02/18 18:20","368557505"
136,"DVD-RW-070042","獣の奏者エリン-4.mp4","\MOVIE-FILES\",".mp4","--a--------","2018/02/18 18:23","125902158"
137,"DVD-RW-070042","人志松本の○○な話 200906092300-2.mp4","\MOVIE-FILES\",".mp4","--a--------","2018/02/19 23:44","235118155"
138,"DVD-RW-070048","ドラマブレイク 客主 Ep34 201705190815-1.mp4","\MOVIE-FILES\",".mp4","--a--------","2017/09/30 00:12","242473704"
139,"DVD-RW-070048","交響詩篇エウレカセブン Ep15-1.mp4","\MOVIE-FILES\",".mp4","--a--------","2017/09/30 00:50","182174309"
140,"DVD-RW-070048","交響詩篇エウレカセブン Ep15「ヒューマンビヘイビア」-2.mp4","\MOVIE-FILES\",".mp4","--a--------","2017/09/30 00:53","170973129"
141,"DVD-RW-070048","厳選いい宿 201705190800「＜群馬・万座温泉 にごり湯自慢の名湯宿＞」-2.mp4","\MOVIE-FILES\",".mp4","--a--------","2017/09/30 00:14","68811076"
142,"DVD-RW-070048","恋愛暴君 Ep07 201705190235「お祭りじゃーい×どうしてこうなったぁ!!」-3.mp4","\MOVIE-FILES\",".mp4","--a--------","2017/09/30 00:17","110371048"
143,"DVD-RW-070048","朝の！さんぽ道 201705190730【栃木県宇都宮】旅人：藤田朋子-4.mp4","\MOVIE-FILES\",".mp4","--a--------","2017/09/30 00:20","201525071"
144,"DVD-RW-070048","出川哲朗の充電させてもらえませんか？ 201705131954「秩父から【日光東照宮】へ絶景街道200kmgo！！」-1.mp4","\MOVIE-FILES\",".mp4","--a--------","2017/09/30 23:04","498062529"
145,"DVD-RW-070048","満天☆青空レストラン 201705131830「鹿児島で新じゃがいも&最強ご飯の友ウニ味噌」-3.mp4","\MOVIE-FILES\",".mp4","--a--------","2017/09/30 23:13","683145315"
146,"DVD-RW-070048","美の巨人たち 201705132200「ベトナムに花開いた建築美「ホテル コンチネンタル サイゴン」」-4.mp4","\MOVIE-FILES\",".mp4","--a--------","2017/09/30 23:16","189185489"
147,"DVD-RW-070048","２４シ―ズン６_V05_x264.mp4","\MOVIE-FILES\",".mp4","--a--------","2017/07/08 14:04","301059382"
148,"DVD-RW-070048","アイカツ！ Ep85 20140605 180001 「月の砂漠の幻想曲(ラプソディー)」-1.mp4","\MOVIE-FILES\",".mp4","--a--------","2017/12/10 19:25","160660242"
149,"DVD-RW-070048","地球感動配達人　走れ！ポストマン 20090712 2200-1.mp4","\MOVIE-FILES\",".mp4","--a--------","2017/12/10 19:45","520381951"
150,"DVD-RW-070048","地球感動配達人　走れ！ポストマン 20090719 2200-2.mp4","\MOVIE-FILES\",".mp4","--a--------","2017/12/10 19:57","643718982"
151,"DVD-RW-070048","Ｇｏ‐ｇｏ　たまごっち！ 20140605 183001-2.mp4","\MOVIE-FILES\",".mp4","--a--------","2017/12/10 19:30","167051038"
152,"DVD-RW-070048","夢の扉〜ｎｅｘｔ Ｄｏｏｒ〜 20090906 1830-4.mp4","\MOVIE-FILES\",".mp4","--a--------","2017/12/11 06:26","294531060"